24520000,2.23787,-4.351,6.8468,9.99383,1.70835,14.13,21.5713,-1,0.943536,0.205638,0.0925696,0.24266,1.9245,-0.422211,-5.03552,0.359114,0.25321,0.898288,0,-0,1,0.449148,0.0749557,0.520581,-0.302316,0.242232,-9.71941
24528000,2.19172,-4.30415,6.76957,9.94769,1.7552,14.13,21.5713,-1,0.947279,0.211054,0.094247,0.221894,1.95611,-0.400427,-5.12606,0.372343,0.252286,0.893147,0,-0,1,0.459254,0.0849954,0.480069,-0.30656,0.245204,-9.71227
24536000,2.16097,-4.23252,6.62446,9.91694,1.82683,14.13,21.5713,-1,0.950711,0.216266,0.0957183,0.200539,1.97454,-0.295891,-5.25347,0.385277,0.250557,0.888134,0,-0,1,0.468622,0.095406,0.438566,-0.310928,0.248353,-9.70499
24544000,2.23511,-4.16212,6.36777,9.99107,1.89723,14.1237,21.5713,-1,0.954034,0.220678,0.0962516,0.178484,1.97653,0.0526088,-5.37975,0.396197,0.247875,0.884073,0,-0,1,0.475692,0.105073,0.395387,-0.315464,0.251753,-9.69773
24552000,2.31141,-4.09917,6.109,10.0674,1.96017,13.865,21.5713,-1,0.957251,0.224196,0.0956976,0.155719,1.99161,0.399975,-5.50563,0.404761,0.244403,0.881156,0,-0,1,0.480257,0.113635,0.350372,-0.320188,0.255445,-9.69057
24560000,2.37797,-4.02814,5.85879,10.1339,2.03121,13.6148,21.5713,-1,0.960312,0.226811,0.0941568,0.132255,1.9899,0.723308,-5.63323,0.41109,0.240188,0.879383,0,-0,1,0.482419,0.121142,0.303555,-0.325093,0.259438,-9.68352
24568000,2.44913,-3.94689,5.61598,10.2051,2.11246,13.3719,21.5713,-1,0.96318,0.228406,0.091751,0.108153,1.95306,1.0452,-5.75262,0.415197,0.235111,0.878826,0,-0,1,0.482067,0.127687,0.255066,-0.33017,0.263743,-9.67657
24576000,2.52552,-3.87186,5.37101,10.2815,2.18749,13.127,21.5713,-1,0.965816,0.228925,0.0884941,0.0834371,1.92356,1.37094,-5.86938,0.416982,0.229264,0.879525,0,-0,1,0.479172,0.133129,0.204918,-0.335407,0.268364,-9.6697
24584000,2.59158,-3.81321,5.1411,10.3475,2.24614,12.8971,21.5713,-1,0.96814,0.228483,0.0844003,0.0581101,1.92502,1.66157,-5.98284,0.416545,0.222984,0.881345,0,-0,1,0.47407,0.137299,0.153118,-0.341534,0.274028,-9.66182
24592000,2.63445,-3.75133,4.93981,10.3904,2.30802,12.6958,21.5713,-1,0.970062,0.227201,0.0796216,0.0319367,1.9178,1.89155,-6.09393,0.414257,0.216318,0.88408,0,0,1,0.46712,0.140425,0.09928,-0.347774,0.279996,-9.65404
24600000,2.67032,-3.67425,4.74952,10.4263,2.3851,12.5055,21.5713,-1,0.971489,0.225057,0.074375,0.00525579,1.87392,2.10236,-6.20322,0.410268,0.209247,0.887635,0,0,1,0.458448,0.142626,0.0441517,-0.354108,0.286269,-9.64634
24608000,2.71535,-3.59969,4.55287,10.4713,2.45966,12.3088,21.5713,-1,0.972384,0.221971,0.0686846,-0.0219008,1.82893,2.32842,-6.30999,0.404446,0.201791,0.892022,0,0,1,0.447979,0.143793,-0.0122265,-0.36052,0.292842,-9.63873
24616000,2.7591,-3.5428,4.36036,10.5151,2.51655,12.1163,21.5713,-1,0.972684,0.218006,0.0624947,-0.0495269,1.8173,2.54265,-6.4142,0.396745,0.194272,0.897135,0,0,1,0.43594,0.143663,-0.0698758,-0.366991,0.299713,-9.63124
24624000,2.78563,-3.49109,4.18989,10.5416,2.56826,11.9459,21.5713,-1,0.972295,0.213309,0.055877,-0.0775876,1.81387,2.70994,-6.51581,0.387413,0.186937,0.902755,0,0,1,0.42275,0.142237,-0.128689,-0.373503,0.306874,-9.62381
24632000,2.7996,-3.4255,4.03519,10.5556,2.63385,11.7912,21.5713,-1,0.971148,0.207917,0.0490137,-0.106017,1.77826,2.8468,-6.6164,0.376696,0.179718,0.908736,0,0,1,0.408591,0.139739,-0.188474,-0.380038,0.314319,-9.61645
24640000,2.81922,-3.35163,3.87856,10.5752,2.70772,11.6345,21.5713,-1,0.969213,0.201749,0.0420084,-0.134758,1.71828,2.99353,-6.71443,0.364554,0.172497,0.915066,0,0,1,0.39337,0.136225,-0.249121,-0.386578,0.322037,-9.60916
24648000,2.84505,-3.28584,3.71737,10.601,2.77351,11.4733,21.5713,-1,0.966451,0.194767,0.0348374,-0.163782,1.6705,3.14961,-6.81066,0.350859,0.165405,0.921705,0,0,1,0.377108,0.131515,-0.310614,-0.393105,0.330018,-9.60193
24656000,2.86239,-3.23024,3.56834,10.6184,2.82911,11.3243,21.5713,-1,0.962798,0.187067,0.0274948,-0.193055,1.64082,3.27939,-6.90443,0.335714,0.158693,0.9285,0,0,1,0.360102,0.125501,-0.372907,-0.399605,0.338253,-9.59477
24664000,2.86275,-3.16991,3.44007,10.6187,2.88944,11.196,21.5713,-1,0.958146,0.17876,0.0200493,-0.222707,1.59905,3.36686,-6.99669,0.319379,0.152441,0.935286,0,0,1,0.342641,0.118319,-0.436267,-0.406057,0.346727,-9.58766
24672000,2.85576,-3.09779,3.32225,10.6117,2.96156,11.0782,21.5713,-1,0.952487,0.169892,0.0127058,-0.252476,1.52887,3.43655,-7.08763,0.302087,0.146535,0.941951,0,0,1,0.324843,0.110214,-0.500144,-0.412447,0.355426,-9.58061
24680000,2.85227,-3.02437,3.20344,10.6082,3.03498,10.9594,21.5713,-1,0.945797,0.160437,0.00552545,-0.282308,1.45116,3.51174,-7.17668,0.283832,0.140944,0.948459,0,0,1,0.306693,0.10121,-0.564481,-0.418761,0.364331,-9.57365
24688000,2.8487,-2.96203,3.08675,10.6047,3.09732,10.8427,21.5713,-1,0.93804,0.150434,-0.00152641,-0.312167,1.39358,3.58213,-7.2639,0.264626,0.135851,0.954734,0,0,1,0.28834,0.091184,-0.62927,-0.424986,0.373426,-9.56675
24696000,2.83492,-2.90843,2.98255,10.5909,3.15092,10.7385,21.5713,-1,0.929171,0.14001,-0.00846524,-0.342005,1.35308,3.62519,-7.34975,0.244669,0.131479,0.960651,0,0,1,0.270105,0.0801228,-0.694481,-0.431111,0.382692,-9.5599
24704000,2.80985,-2.85328,2.89269,10.5658,3.20607,10.6487,21.5713,-1,0.919154,0.129284,-0.0152314,-0.371764,1.30732,3.64051,-7.43413,0.224235,0.127889,0.966107,0,0,1,0.252235,0.0681792,-0.760049,-0.437127,0.39211,-9.5531
24712000,2.78394,-2.79329,2.806,10.5399,3.26606,10.562,21.5713,-1,0.907978,0.118286,-0.0217515,-0.401386,1.24785,3.65367,-7.51712,0.203448,0.125021,0.971071,0,0,1,0.234772,0.055485,-0.825928,-0.443609,0.402768,-9.5471
24720000,2.76465,-2.73561,2.71403,10.5206,3.32374,10.47,21.5713,-1,0.895578,0.106984,-0.0280726,-0.430937,1.18903,3.6813,-7.59869,0.182253,0.122963,0.975533,0,0,1,0.217726,0.0419366,-0.892377,-0.449954,0.413521,-9.54113
24728000,2.74943,-2.68756,2.62014,10.5054,3.37178,10.3761,21.5713,-1,0.881985,0.0953771,-0.0341948,-0.460258,1.14654,3.71531,-7.67816,0.160652,0.121793,0.979468,0,0,1,0.201148,0.027481,-0.959165,-0.456175,0.424342,-9.53519
24736000,2.72842,-2.64422,2.53374,10.4844,3.41513,10.2897,21.5713,-1,0.867039,0.0835136,-0.0402537,-0.489539,1.1119,3.73491,-7.75656,0.13873,0.121811,0.98281,0,0,1,0.185302,0.0119635,-1.02687,-0.462246,0.435223,-9.52931
24744000,2.6986,-2.59489,2.45916,10.4546,3.46446,10.2151,21.5713,-1,0.850858,0.0714982,-0.0460676,-0.518466,1.06236,3.73449,-7.83355,0.116802,0.12282,0.985532,0,0,1,0.170262,-0.00425528,-1.09489,-0.468164,0.446144,-9.52345
24752000,2.66676,-2.53541,2.38829,10.4227,3.52394,10.1443,21.5713,-1,0.833448,0.0593601,-0.0515281,-0.546979,0.988997,3.73168,-7.90983,0.0950083,0.124643,0.987643,0,0,1,0.155983,-0.0209562,-1.1632,-0.47393,0.457086,-9.5176
24760000,2.6383,-2.47497,2.31654,10.3943,3.58438,10.0725,21.5713,-1,0.814817,0.0470914,-0.0565893,-0.575025,0.909956,3.73621,-7.98419,0.0733692,0.127198,0.98916,0,0,1,0.142406,-0.0380717,-1.23181,-0.479545,0.468027,-9.51177
24768000,2.60809,-2.42161,2.24662,10.3641,3.63773,10.0026,21.5713,-1,0.794962,0.0347248,-0.0612859,-0.602556,0.845742,3.73667,-8.0583,0.0519537,0.130574,0.990077,0,0,1,0.129629,-0.0556213,-1.30077,-0.485013,0.478949,-9.50595
24776000,2.56754,-2.37478,2.1897,10.3235,3.68457,9.94567,21.5713,-1,0.773888,0.0223762,-0.0656609,-0.629512,0.795083,3.71167,-8.13085,0.0310037,0.134886,0.990376,0,0,1,0.117893,-0.0735223,-1.37011,-0.490339,0.489833,-9.50015
24784000,2.5152,-2.32578,2.14712,10.2712,3.73357,9.90309,21.5713,-1,0.751609,0.0101829,-0.0697017,-0.655837,0.740122,3.66024,-8.20232,0.0108279,0.140115,0.990076,0,0,1,0.107388,-0.0915479,-1.43984,-0.49553,0.500659,-9.49434
24792000,2.46081,-2.2726,2.10876,10.2168,3.78675,9.86473,21.5713,-1,0.728148,-0.00179488,-0.0733669,-0.68148,0.675095,3.60569,-8.27251,-0.00842023,0.14614,0.989228,0,0,1,0.0981265,-0.109509,-1.50999,-0.500592,0.511411,-9.48854
24800000,2.41313,-2.22174,2.06355,10.1691,3.83761,9.81951,21.5713,-1,0.703521,-0.0135844,-0.0766603,-0.706397,0.614046,3.5687,-8.34231,-0.0267745,0.15291,0.987877,0,0,1,0.0900417,-0.127401,-1.58062,-0.50556,0.522058,-9.48277
24808000,2.37059,-2.18179,2.01308,10.1266,3.87756,9.76904,21.5713,-1,0.677863,-0.0252036,-0.0795963,-0.730432,0.575855,3.54364,-8.41146,-0.0442788,0.1604,0.986059,0,0,1,0.0830794,-0.14524,-1.65147,-0.510426,0.532596,-9.47699
24816000,2.32457,-2.14955,1.9678,10.0805,3.9098,9.72376,21.5713,-1,0.65108,-0.0366361,-0.0823221,-0.753642,0.553775,3.51023,-8.47928,-0.0608401,0.168853,0.983762,0,0,1,0.0774819,-0.16314,-1.7229,-0.515201,0.543011,-9.4712
24824000,2.27193,-2.11324,1.93195,10.0279,3.94611,9.68791,21.5713,-1,0.623208,-0.0478057,-0.0848318,-0.775971,0.522538,3.46298,-8.54562,-0.0762679,0.178188,0.981036,0,0,1,0.0733295,-0.180913,-1.79495,-0.519899,0.553293,-9.46539
24832000,2.21753,-2.06559,1.8991,9.9735,3.99376,9.65506,21.5713,-1,0.59428,-0.058665,-0.0870448,-0.797378,0.46712,3.41581,-8.61158,-0.0904573,0.188163,0.977963,0,0,1,0.0705281,-0.198312,-1.86765,-0.524081,0.564115,-9.45998
24840000,2.16864,-2.01283,1.86119,9.92461,4.04652,9.61715,21.5713,-1,0.564218,-0.0692442,-0.088941,-0.817895,0.400183,3.38465,-8.67708,-0.103437,0.198686,0.97459,0,0,1,0.0689975,-0.215293,-1.9413,-0.528217,0.57477,-9.45453
24848000,2.12292,-1.96528,1.82057,9.87888,4.09407,9.57654,21.5713,-1,0.533146,-0.0795567,-0.0904915,-0.837399,0.344618,3.36155,-8.74185,-0.115264,0.209626,0.970964,0,0,1,0.0686118,-0.231802,-2.01569,-0.532321,0.585252,-9.44904
24856000,2.0697,-1.92529,1.7891,9.82567,4.13406,9.54506,21.5713,-1,0.501105,-0.0895492,-0.0917804,-0.855834,0.306964,3.32061,-8.80557,-0.125802,0.22105,0.967115,0,0,1,0.0695282,-0.24779,-2.09085,-0.536408,0.595551,-9.44353
24864000,2.00408,-1.88527,1.77269,9.76004,4.17408,9.52865,21.5713,-1,0.468149,-0.0991048,-0.0928667,-0.87315,0.271526,3.25154,-8.86809,-0.1348,0.23292,0.963108,0,0,1,0.0719148,-0.26304,-2.1668,-0.540488,0.605654,-9.43797
24872000,1.933,-1.83889,1.76319,9.68897,4.22046,9.51916,21.5713,-1,0.4345,-0.108118,-0.0936973,-0.889236,0.224629,3.1725,-8.93009,-0.142146,0.244936,0.959063,0,0,1,0.075641,-0.277247,-2.24314,-0.544589,0.615563,-9.43235
24880000,1.86779,-1.79082,1.74787,9.62376,4.26853,9.50384,21.5713,-1,0.400036,-0.116622,-0.0942986,-0.904145,0.175088,3.10977,-8.99176,-0.14787,0.257066,0.955014,0,0,1,0.0806743,-0.290397,-2.32029,-0.548727,0.625276,-9.42667
24888000,1.81147,-1.75041,1.72325,9.56744,4.30894,9.47921,21.5713,-1,0.364792,-0.124699,-0.094696,-0.917829,0.14264,3.06848,-9.05293,-0.152128,0.269297,0.950966,0,0,1,0.086904,-0.302589,-2.39824,-0.552916,0.634794,-9.42092
24896000,1.75765,-1.7199,1.69629,9.51362,4.33945,9.45226,21.5713,-1,0.328816,-0.132403,-0.0949617,-0.930232,0.132813,3.03286,-9.11344,-0.154984,0.281698,0.946904,0,0,1,0.0943438,-0.313911,-2.477,-0.557171,0.644116,-9.41511
24904000,1.69884,-1.69041,1.6769,9.45481,4.36894,9.43287,21.5713,-1,0.292167,-0.13971,-0.0951492,-0.941311,0.126252,2.98556,-9.17235,-0.156361,0.294236,0.942856,0,0,1,0.103035,-0.324273,-2.55655,-0.561507,0.653244,-9.40921
24912000,1.63552,-1.65094,1.66327,9.39148,4.40841,9.41924,21.5713,-1,0.254905,-0.146549,-0.0952337,-0.95104,0.100571,2.93094,-9.23099,-0.156179,0.306693,0.938908,0,0,1,0.112873,-0.333445,-2.63686,-0.565938,0.662181,-9.40324
24920000,1.57476,-1.60187,1.64824,9.33072,4.45748,9.40421,21.5713,-1,0.217078,-0.152886,-0.0951421,-0.959401,0.0554206,2.8849,-9.28902,-0.154491,0.318797,0.935148,0,0,1,0.123606,-0.34125,-2.71788,-0.570477,0.670933,-9.39722
24928000,1.51937,-1.55144,1.62784,9.27534,4.50791,9.38381,21.5713,-1,0.17873,-0.15874,-0.094835,-0.966366,0.00897104,2.85267,-9.34678,-0.15143,0.330395,0.931616,0,0,1,0.13501,-0.347663,-2.79957,-0.575138,0.679504,-9.3911
24936000,1.46492,-1.50868,1.60766,9.22089,4.55067,9.36363,21.5713,-1,0.139919,-0.164145,-0.0943564,-0.971893,-0.0193438,2.82096,-9.40338,-0.147074,0.341492,0.928306,0,0,1,0.147023,-0.352738,-2.88188,-0.58,0.687878,-9.3849
24944000,1.40337,-1.4717,1.59573,9.15934,4.58765,9.35169,21.5713,-1,0.10091,-0.169089,-0.0937856,-0.975925,-0.0318543,2.7715,-9.45935,-0.141446,0.352065,0.925226,0,0,1,0.159597,-0.356466,-2.96434,-0.585013,0.696084,-9.37859
24952000,1.33472,-1.4338,1.5931,9.09069,4.62555,9.34906,21.5713,-1,0.0615929,-0.173526,-0.0932136,-0.978471,-0.0436666,2.70512,-9.51418,-0.134368,0.36211,0.9224,0,0,1,0.172843,-0.358706,-3.04727,-0.59019,0.70413,-9.3722
24960000,1.26725,-1.39127,1.58962,9.02322,4.66808,9.34558,21.5713,-1,0.0220315,-0.177432,-0.0926352,-0.979516,-0.0628675,2.64304,-9.56889,-0.125879,0.371467,0.919873,0,0,1,0.186588,-0.359362,-3.1306,-0.595839,0.711462,-9.36567
24968000,1.20893,-1.34825,1.5778,8.9649,4.7111,9.33376,21.5713,-1,-0.0176613,-0.180855,-0.0919987,-0.979038,-0.0828312,2.6019,-9.62254,-0.116212,0.380004,0.917656,0,0,1,0.200535,-0.358508,3.06906,-0.601666,0.718662,-9.35904
24976000,1.15972,-1.31039,1.55719,8.91569,4.74896,9.31315,21.5713,-1,-0.0574993,-0.183869,-0.0912834,-0.977013,-0.0911887,2.58053,-9.67526,-0.105551,0.387708,0.915719,0,0,1,0.214525,-0.356276,2.98526,-0.607678,0.725741,-9.35234
24984000,1.11304,-1.27703,1.53468,8.86901,4.78232,9.29065,21.5713,-1,-0.0974169,-0.18653,-0.0905017,-0.973409,-0.0883987,2.5634,-9.72723,-0.0940278,0.394595,0.914032,0,0,1,0.228463,-0.35278,2.90121,-0.613883,0.732708,-9.34553
24992000,1.06198,-1.24128,1.51839,8.81795,4.81807,9.27436,21.5713,-1,-0.137338,-0.188817,-0.0896829,-0.968217,-0.0887768,2.53488,-9.77826,-0.0816489,0.400595,0.91261,0,0,1,0.242271,-0.347978,2.81699,-0.620285,0.739576,-9.33861
25000000,1.00699,-1.19758,1.50762,8.76295,4.86177,9.26359,21.5713,-1,-0.177187,-0.190663,-0.0888329,-0.961437,-0.103984,2.49718,-9.82869,-0.0684198,0.405541,0.911513,0,0,1,0.255793,-0.341755,2.73272,-0.626891,0.746355,-9.33157
25008000,0.953112,-1.14821,1.49748,8.70908,4.91114,9.25345,21.5713,-1,-0.216891,-0.192023,-0.0879328,-0.953076,-0.130259,2.46097,-9.87806,-0.0544272,0.409267,0.91079,0,0,1,0.268818,-0.33406,2.64848,-0.633725,0.753044,-9.32443
25016000,0.903441,-1.10042,1.48365,8.65941,4.95893,9.23961,21.5713,-1,-0.256319,-0.192918,-0.0869721,-0.943143,-0.151745,2.43252,-9.92681,-0.0398542,0.411724,0.910437,0,0,1,0.281168,-0.325006,2.56447,-0.640771,0.759667,-9.31716
25024000,0.85655,-1.06044,1.46771,8.61252,4.99891,9.22368,21.5713,-1,-0.295466,-0.193408,-0.0859683,-0.931613,-0.155098,2.40697,-9.97464,-0.0248135,0.412971,0.910406,0,0,1,0.292814,-0.314731,2.48056,-0.64803,0.766235,-9.30978
25032000,0.80934,-1.02705,1.45354,8.56531,5.0323,9.20951,21.5713,-1,-0.334253,-0.193546,-0.0849678,-0.918475,-0.14313,2.37681,-10.0213,-0.00937949,0.413092,0.910641,0,0,1,0.303778,-0.303364,2.39676,-0.655504,0.77276,-9.30229
25040000,0.762307,-0.994768,1.44077,8.51827,5.06458,9.19673,21.5713,-1,-0.372601,-0.193353,-0.0839953,-0.90373,-0.12802,2.3442,-10.0667,0.00637832,0.412095,0.911119,0,0,1,0.314025,-0.290974,2.31309,-0.663192,0.779254,-9.29471
25048000,0.718707,-0.958137,1.42496,8.47467,5.10121,9.18093,21.5713,-1,-0.410443,-0.192819,-0.0830267,-0.887392,-0.121407,2.31854,-10.1119,0.0223304,0.409906,0.911855,0,0,1,0.323413,-0.277609,2.22958,-0.671093,0.785727,-9.28701
25056000,0.682191,-0.918411,1.40387,8.43816,5.14094,9.15983,21.5713,-1,-0.447716,-0.191934,-0.0820047,-0.869475,-0.122723,2.30646,-10.1556,0.0382773,0.406445,0.912873,0,0,1,0.331748,-0.263368,2.14622,-0.679206,0.792191,-9.27919
25064000,0.650909,-0.877967,1.37768,8.40688,5.18138,9.13365,21.5713,-1,-0.484357,-0.190703,-0.080885,-0.849993,-0.125329,2.30422,-10.1989,0.0540248,0.401691,0.91418,0,0,1,0.338892,-0.248383,2.06299,-0.687527,0.798655,-9.27125
25072000,0.62054,-0.839399,1.35295,8.37651,5.21995,9.10892,21.5713,-1,-0.52029,-0.189136,-0.0796688,-0.828963,-0.124723,2.29932,-10.2405,0.0694552,0.395673,0.915761,0,0,1,0.344803,-0.232767,1.97989,-0.696053,0.805132,-9.2632
25080000,0.58673,-0.801929,1.3327,8.3427,5.25742,9.08867,21.5713,-1,-0.555429,-0.187241,-0.0783968,-0.806408,-0.120676,2.28293,-10.2816,0.0845278,0.388439,0.917589,0,0,1,0.349511,-0.216587,1.89691,-0.70616,0.810374,-9.25517
25088000,0.550614,-0.764883,1.3168,8.30658,5.29447,9.07277,21.5713,-1,-0.589613,-0.185053,-0.0771224,-0.782409,-0.115957,2.2571,-10.3213,0.0991875,0.380092,0.919615,0,0,1,0.353083,-0.199959,1.81422,-0.716438,0.815671,-9.24702
25096000,0.516268,-0.72932,1.30024,8.27223,5.33003,9.05621,21.5713,-1,-0.622854,-0.182554,-0.0758497,-0.756951,-0.108424,2.23171,-10.3602,0.113388,0.370609,0.921842,0,0,1,0.355483,-0.1829,1.73161,-0.726884,0.82103,-9.23878
25104000,0.487492,-0.697308,1.27871,8.24346,5.36204,9.03468,21.5713,-1,-0.655088,-0.179777,-0.074552,-0.730056,-0.0943629,2.21545,-10.3982,0.126979,0.360067,0.924245,0,0,1,0.356684,-0.165573,1.64902,-0.737491,0.826458,-9.23042
25112000,0.464761,-0.669124,1.2522,8.22073,5.39022,9.00817,21.5713,-1,-0.686251,-0.176755,-0.0731918,-0.701755,-0.0740432,2.20891,-10.4351,0.139796,0.348564,0.926801,0,0,1,0.356661,-0.148163,1.56638,-0.748253,0.831963,-9.22193
25120000,0.446708,-0.642974,1.22257,8.20267,5.41638,8.97854,21.5713,-1,-0.716277,-0.173509,-0.0717376,-0.672084,-0.0518074,2.20884,-10.4705,0.151696,0.33619,0.929497,0,0,1,0.355396,-0.13083,1.48363,-0.759163,0.83755,-9.21333
25128000,0.430586,-0.615067,1.19151,8.18655,5.44428,8.94748,21.5713,-1,-0.745102,-0.170028,-0.0701762,-0.641084,-0.034599,2.21054,-10.5056,0.162582,0.322994,0.932331,0,0,1,0.352862,-0.113673,1.40071,-0.770214,0.843226,-9.20461
25136000,0.415165,-0.58508,1.16222,8.17113,5.47427,8.91819,21.5713,-1,-0.772659,-0.16629,-0.0685154,-0.608812,-0.0245962,2.20954,-10.539,0.17239,0.309003,0.935307,0,0,1,0.34904,-0.0967512,1.31762,-0.781398,0.848996,-9.19577
25144000,0.399654,-0.554658,1.1343,8.15562,5.50469,8.89027,21.5713,-1,-0.798882,-0.162284,-0.0667696,-0.57532,-0.0172585,2.20467,-10.5716,0.18107,0.294276,0.938411,0,0,1,0.343943,-0.0801345,1.23433,-0.792699,0.854853,-9.18681
25152000,0.38291,-0.526622,1.10798,8.13888,5.53273,8.86394,21.5713,-1,-0.823706,-0.158032,-0.0649621,-0.540661,-0.00566142,2.19358,-10.604,0.188603,0.27892,0.941612,0,0,1,0.337644,-0.0639073,1.15079,-0.804116,0.860812,-9.17774
25160000,0.366461,-0.503277,1.08235,8.12243,5.55607,8.83832,21.5713,-1,-0.847066,-0.153572,-0.0631041,-0.504889,0.0140781,2.17897,-10.6355,0.194967,0.263085,0.944867,0,0,1,0.330238,-0.0481851,1.06698,-0.815639,0.866876,-9.16857
25168000,0.353302,-0.485047,1.05557,8.10927,5.5743,8.81154,21.5713,-1,-0.868902,-0.148941,-0.0611828,-0.468062,0.0409968,2.16693,-10.6651,0.200112,0.246927,0.948147,0,0,1,0.321803,-0.0331092,0.982849,-0.827262,0.873047,-9.1593
25176000,0.344313,-0.46922,1.02441,8.10028,5.59013,8.78038,21.5713,-1,-0.889165,-0.144155,-0.0591683,-0.430236,0.0706567,2.16214,-10.6946,0.203963,0.230579,0.951437,0,0,1,0.312378,-0.0188215,0.89835,-0.838973,0.879326,-9.1499
25184000,0.340865,-0.455111,0.989004,8.09683,5.60424,8.74497,21.5713,-1,-0.907807,-0.13921,-0.0570245,-0.39148,0.0997478,2.16673,-10.7228,0.206431,0.214154,0.954738,0,0,1,0.301972,-0.00546122,0.813452,-0.850765,0.885716,-9.1404
25192000,0.340673,-0.44133,0.950875,8.09664,5.61802,8.70684,21.5713,-1,-0.924781,-0.134092,-0.0547285,-0.351859,0.126155,2.17642,-10.7505,0.207455,0.197753,0.958048,0,0,1,0.290605,0.00686076,0.728133,-0.862629,0.892214,-9.13077
25200000,0.339634,-0.427016,0.914062,8.0956,5.63233,8.67003,21.5713,-1,-0.940041,-0.128798,-0.0522925,-0.311447,0.148845,2.18211,-10.778,0.207048,0.181469,0.961353,0,0,1,0.278348,0.0180878,0.642395,-0.874555,0.898821,-9.12104
25208000,0.335894,-0.41246,0.882119,8.09186,5.64689,8.63809,21.5713,-1,-0.95354,-0.123332,-0.049754,-0.270324,0.167445,2.17827,-10.8041,0.20528,0.165391,0.964628,0,0,1,0.26531,0.0282091,0.556259,-0.887371,0.905563,-9.11135
25216000,0.329789,-0.398633,0.853145,8.08576,5.66072,8.60911,21.5713,-1,-0.96522,-0.117733,-0.0471547,-0.228617,0.185237,2.16712,-10.8299,0.202257,0.149652,0.967831,0,0,1,0.251658,0.0372064,0.469845,-0.900218,0.912415,-9.10158
25224000,0.324882,-0.388465,0.823722,8.08085,5.67088,8.57969,21.5713,-1,-0.975063,-0.112003,-0.0444873,-0.186356,0.207561,2.15633,-10.855,0.197998,0.134343,0.970953,0,0,1,0.237464,0.0450263,0.383062,-0.913088,0.919368,-9.09169
25232000,0.323851,-0.384662,0.790238,8.07982,5.67469,8.5462,21.5713,-1,-0.983037,-0.106168,-0.0417146,-0.143618,0.240195,2.15255,-10.8798,0.1925,0.119641,0.973977,0,0,1,0.222851,0.0515414,0.295908,-0.925973,0.926419,-9.08168
25240000,0.32666,-0.386924,0.753099,8.08263,5.67242,8.50907,21.5713,-1,-0.989115,-0.100251,-0.0387885,-0.10048,0.281931,2.15575,-10.904,0.185758,0.105733,0.97689,0,0,1,0.207941,0.0566164,0.208386,-0.938866,0.933563,-9.07156
25248000,0.331122,-0.391107,0.714246,8.08709,5.66824,8.47021,21.5713,-1,-0.993273,-0.0942551,-0.0356895,-0.0570206,0.324359,2.16222,-10.9281,0.17781,0.0927458,0.979685,0,-0,1,0.192852,0.0601861,0.120511,-0.951759,0.940796,-9.06132
25256000,0.334608,-0.392757,0.677076,8.09057,5.66659,8.43304,21.5713,-1,-0.995488,-0.0881665,-0.0324374,-0.0133292,0.35785,2.1664,-10.9518,0.16874,0.0807307,0.982349,0,-0,1,0.177678,0.0622719,0.0323263,-0.964645,0.948114,-9.05096
25264000,0.336389,-0.390356,0.642914,8.09236,5.66899,8.39888,21.5713,-1,-0.995744,-0.0819672,-0.0290792,0.0305013,0.378959,2.16659,-10.9749,0.158656,0.0696865,0.984872,0,-0,1,0.162497,0.0629527,-0.0561164,-0.977516,0.95551,-9.04049
25272000,0.337284,-0.386444,0.609601,8.09325,5.6729,8.36557,21.5713,-1,-0.994026,-0.0756482,-0.0256465,0.0743799,0.394219,2.16541,-10.9981,0.147656,0.0596355,0.987239,0,-0,1,0.147395,0.0622802,-0.144776,-0.990367,0.962979,-9.0299
25280000,0.338088,-0.38681,0.576757,8.09405,5.67254,8.33272,21.5713,-1,-0.990324,-0.0692301,-0.0221369,0.118219,0.415632,2.16338,-11.0209,0.135836,0.05068,0.989434,0,-0,1,0.132514,0.0602505,-0.233624,-1.00319,0.970514,-9.01923
25288000,0.33841,-0.394764,0.543933,8.09438,5.66459,8.2999,21.5713,-1,-0.984631,-0.0627549,-0.0185175,0.161931,0.45106,2.15999,-11.0437,0.123301,0.0429878,0.991438,0,-0,1,0.118048,0.0568203,-0.322641,-1.01601,0.978106,-9.00843
25296000,0.337858,-0.408942,0.512189,8.09383,5.65041,8.26816,21.5713,-1,-0.976939,-0.056265,-0.0147525,0.205441,0.497054,2.1545,-11.0662,0.110179,0.0367205,0.993233,0,-0,1,0.104202,0.0519663,-0.41183,-1.02879,0.98575,-8.99752
25304000,0.336823,-0.424623,0.481045,8.09279,5.63473,8.23701,21.5713,-1,-0.967254,-0.0497758,-0.010838,0.248645,0.543506,2.14921,-11.0885,0.0966058,0.031949,0.99481,0,-0,1,0.0911232,0.0457352,-0.501145,-1.04153,0.993438,-8.98649
25312000,0.337215,-0.436685,0.448261,8.09318,5.62266,8.20423,21.5713,-1,-0.955583,-0.0432606,-0.00679556,0.29145,0.579375,2.15003,-11.111,0.0826757,0.028647,0.996165,0,-0,1,0.0788562,0.0382133,-0.590562,-1.05423,1.00116,-8.97534
25320000,0.339612,-0.444065,0.412887,8.09558,5.61528,8.16885,21.5713,-1,-0.941939,-0.0366739,-0.00265899,0.333764,0.602737,2.15881,-11.134,0.068451,0.0267457,0.997296,0,-0,1,0.0673946,0.0294944,-0.680072,-1.06688,1.00891,-8.96406
25328000,0.342841,-0.449909,0.376138,8.09881,5.60944,8.1321,21.5713,-1,-0.926337,-0.0299889,0.00154833,0.375497,0.620774,2.17216,-11.1573,0.0540055,0.0262121,0.998197,0,-0,1,0.0567639,0.0196542,-0.769673,-1.07948,1.01668,-8.95267
25336000,0.343342,-0.458826,0.342371,8.09931,5.60052,8.09834,21.5713,-1,-0.908795,-0.0232268,0.00582352,0.416555,0.643737,2.18042,-11.1805,0.0394807,0.0270841,0.998853,0,-0,1,0.0470877,0.00876584,-0.859362,-1.09257,1.02402,-8.94129
25344000,0.338411,-0.472029,0.313754,8.09438,5.58732,8.06972,21.5713,-1,-0.88935,-0.0164541,0.0101645,0.456818,0.675554,2.17791,-11.204,0.0251072,0.0294157,0.999252,0,-0,1,0.0385632,-0.00304654,-0.949081,-1.10559,1.03137,-8.92978
25352000,0.328292,-0.487902,0.290896,8.08426,5.57145,8.04686,21.5713,-1,-0.868016,-0.00971836,0.0145866,0.496227,0.712213,2.16518,-11.2272,0.0110805,0.0332521,0.999386,0,-0,1,0.0313569,-0.0156784,-1.03892,-1.11856,1.03872,-8.91814
25360000,0.317209,-0.503436,0.267928,8.07318,5.55591,8.02389,21.5713,-1,-0.844826,-0.00303336,0.019085,0.534693,0.74791,2.15418,-11.2512,-0.00245269,0.038564,0.999253,0,-0,1,0.0255481,-0.0290073,-1.1289,-1.13147,1.04605,-8.90636
25368000,0.309957,-0.517354,0.241254,8.06592,5.542,7.99722,21.5713,-1,-0.819831,0.00363257,0.0236383,0.572107,0.778069,2.15524,-11.2749,-0.015432,0.0452594,0.998856,0,-0,1,0.0211121,-0.0429285,-1.219,-1.14433,1.05336,-8.89446
25376000,0.307451,-0.529417,0.207469,8.06342,5.52993,7.96344,21.5713,-1,-0.793054,0.0103419,0.0282395,0.608409,0.804101,2.17247,-11.3001,-0.0278713,0.0532692,0.998191,0,-0,1,0.0179896,-0.0574065,-1.30932,-1.15713,1.06065,-8.88242
25384000,0.306858,-0.54149,0.172466,8.06282,5.51786,7.92843,21.5713,-1,-0.764537,0.0171247,0.0328737,0.643513,0.8283,2.19633,-11.3246,-0.0397266,0.06253,0.997252,0,-0,1,0.0161674,-0.0723695,-1.3999,-1.16987,1.0679,-8.87024
25392000,0.301788,-0.552599,0.141229,8.05776,5.50675,7.8972,21.5713,-1,-0.734327,0.0239592,0.0375241,0.677334,0.851402,2.21349,-11.3498,-0.0508564,0.0729816,0.996036,0,-0,1,0.0157058,-0.0876789,-1.49078,-1.18256,1.0751,-8.85793
25400000,0.288711,-0.561675,0.118154,8.04468,5.49767,7.87412,21.5713,-1,-0.702477,0.0307811,0.0421663,0.709789,0.871625,2.21544,-11.3755,-0.0610415,0.0845348,0.994549,0,-0,1,0.0167017,-0.103121,-1.58201,-1.19521,1.08225,-8.8455
25408000,0.269473,-0.56783,0.101438,8.02544,5.49152,7.8574,21.5713,-1,-0.669045,0.0375294,0.0467738,0.740798,0.887087,2.2067,-11.4014,-0.0700805,0.0970668,0.992808,0,-0,1,0.019218,-0.118468,-1.67364,-1.20781,1.08934,-8.83293
25416000,0.2492,-0.573248,0.0856336,8.00517,5.4861,7.8416,21.5713,-1,-0.634094,0.0441837,0.0513317,0.770284,0.90199,2.19889,-11.4274,-0.0778664,0.110459,0.990826,0,-0,1,0.0232559,-0.133563,-1.7657,-1.22038,1.09637,-8.82021
25424000,0.232892,-0.580085,0.0647441,7.98886,5.47926,7.82071,21.5713,-1,-0.597684,0.0507744,0.05584,0.798171,0.920848,2.20382,-11.454,-0.0843981,0.124626,0.988608,0,-0,1,0.0287656,-0.148346,-1.85824,-1.23289,1.10335,-8.80735
25432000,0.221288,-0.58946,0.0387234,7.97725,5.46989,7.79469,21.5713,-1,-0.559804,0.0573488,0.0603208,0.824435,0.945356,2.22233,-11.4804,-0.0896917,0.139547,0.986145,0,-0,1,0.035733,-0.162815,-1.9515,-1.24537,1.11026,-8.79433
25440000,0.211161,-0.599398,0.0108956,7.96713,5.45995,7.76686,21.5713,-1,-0.520594,0.0639303,0.0647506,0.848942,0.972032,2.24708,-11.5069,-0.093754,0.155096,0.98344,0,-0,1,0.0440773,-0.176885,-2.04533,-1.25784,1.11708,-8.78117
25448000,0.197999,-0.604849,-0.014481,7.95397,5.4545,7.74149,21.5713,-1,-0.480129,0.0704991,0.0690992,0.871626,0.991464,2.26879,-11.5341,-0.0965136,0.171127,0.98051,0,-0,1,0.0537568,-0.190399,-2.13975,-1.27029,1.1238,-8.76784
25456000,0.17951,-0.603365,-0.0334711,7.93548,5.45598,7.7225,21.5713,-1,-0.438493,0.0769981,0.0733157,0.892424,0.997985,2.28115,-11.5612,-0.0978604,0.187424,0.977392,0,-0,1,0.0647056,-0.203121,-2.23478,-1.28297,1.13023,-8.75383
25464000,0.15712,-0.594444,-0.0486709,7.91309,5.4649,7.7073,21.5713,-1,-0.395822,0.0833753,0.077337,0.911259,0.991598,2.2882,-11.5887,-0.0977446,0.203732,0.974135,0,-0,1,0.0767833,-0.214825,-2.33032,-1.29564,1.13656,-8.73968
25472000,0.133837,-0.583823,-0.0626095,7.8898,5.47553,7.69336,21.5713,-1,-0.352157,0.0895986,0.081151,0.928101,0.983918,2.29508,-11.6161,-0.0961252,0.219907,0.970773,0,-0,1,0.0899193,-0.225372,-2.42646,-1.30833,1.14279,-8.72538
25480000,0.111616,-0.57584,-0.0777264,7.86758,5.48351,7.67824,21.5713,-1,-0.30759,0.0956722,0.0847671,0.942894,0.984376,2.30561,-11.6434,-0.0930321,0.235864,0.967323,0,-0,1,0.104032,-0.234714,-2.5232,-1.32104,1.14891,-8.71092
25488000,0.0904654,-0.572347,-0.0941604,7.84643,5.487,7.66181,21.5713,-1,-0.262213,0.101613,0.088213,0.955582,0.997082,2.3194,-11.6707,-0.0885016,0.251562,0.963786,0,-0,1,0.119067,-0.242841,-2.62052,-1.33378,1.15492,-8.69631
25496000,0.070359,-0.570573,-0.111079,7.82633,5.48878,7.64489,21.5713,-1,-0.216126,0.107434,0.0914994,0.966113,1.01542,2.33615,-11.6974,-0.0825752,0.266931,0.960172,0,-0,1,0.134941,-0.249725,-2.71839,-1.34656,1.16081,-8.68155
25504000,0.0501647,-0.564372,-0.128068,7.80613,5.49498,7.6279,21.5713,-1,-0.169438,0.113121,0.0946003,0.974446,1.02709,2.35487,-11.7243,-0.0752981,0.281818,0.956509,0,-0,1,0.151502,-0.255283,-2.81675,-1.35939,1.1666,-8.66663
25512000,0.0303146,-0.549929,-0.14475,7.78628,5.50942,7.61122,21.5713,-1,-0.122238,0.118636,0.0974552,0.980554,1.02332,2.3763,-11.7511,-0.0667274,0.295995,0.952856,0,-0,1,0.168524,-0.259382,-2.91558,-1.37229,1.17228,-8.65154
25520000,0.0111769,-0.527821,-0.161089,7.76714,5.53153,7.59488,21.5713,-1,-0.0746338,0.123933,0.100002,0.984414,1.00513,2.40032,-11.7774,-0.0569527,0.30923,0.949281,0,-0,1,0.185752,-0.261914,-3.01479,-1.38525,1.17786,-8.63633
25528000,-0.00822488,-0.502182,-0.17645,7.74774,5.55717,7.57952,21.5713,-1,-0.0267322,0.128975,0.10221,0.986004,0.982043,2.42368,-11.8034,-0.0460619,0.321357,0.945837,0,-0,1,0.202976,-0.26282,-3.1143,-1.39829,1.18333,-8.62095
25536000,-0.0295646,-0.477817,-0.189344,7.7264,5.58153,7.56662,21.5713,-1,0.0213513,0.13374,0.104096,0.985303,0.964976,2.4414,-11.829,-0.0341242,0.332303,0.942555,0,-0,1,0.220071,-0.262093,3.06914,-1.41142,1.18871,-8.60541
25544000,-0.0533959,-0.45676,-0.198853,7.70257,5.60259,7.55711,21.5713,-1,0.0694969,0.138216,0.105707,0.98229,0.958106,2.45136,-11.8541,-0.0211866,0.342044,0.939445,0,-0,1,0.236967,-0.259754,2.96923,-1.42465,1.19399,-8.58969
25552000,-0.0785898,-0.437469,-0.206144,7.67738,5.62188,7.54982,21.5713,-1,0.117583,0.142394,0.107076,0.976951,0.957833,2.45638,-11.8785,-0.00731356,0.350545,0.936517,0,-0,1,0.253575,-0.255826,2.86924,-1.43798,1.19918,-8.5738
25560000,-0.100939,-0.417227,-0.214567,7.65503,5.64212,7.5414,21.5713,-1,0.165491,0.146271,0.108197,0.969284,0.956572,2.4658,-11.9017,0.00736519,0.35773,0.933796,0,-0,1,0.269727,-0.250352,2.76924,-1.45143,1.20429,-8.55774
25568000,-0.118813,-0.392162,-0.227427,7.63715,5.66719,7.52854,21.5713,-1,0.213111,0.149832,0.109024,0.959296,0.94684,2.48516,-11.9248,0.0226537,0.363476,0.931328,0,-0,1,0.285176,-0.243394,2.66927,-1.46501,1.20931,-8.54151
25576000,-0.130821,-0.362624,-0.245026,7.62515,5.69673,7.51094,21.5713,-1,0.260319,0.153057,0.109497,0.947005,0.928008,2.51622,-11.947,0.0383199,0.367667,0.929168,0,-0,1,0.299657,-0.235042,2.56943,-1.47872,1.21427,-8.52513
25584000,-0.140901,-0.33019,-0.262877,7.61507,5.72916,7.49309,21.5713,-1,0.307012,0.155916,0.109586,0.932429,0.903731,2.54867,-11.968,0.0541834,0.370221,0.927362,0,-0,1,0.31297,-0.225376,2.46973,-1.49339,1.21859,-8.50774
25592000,-0.153769,-0.296142,-0.277371,7.6022,5.76321,7.4786,21.5713,-1,0.35299,0.158388,0.10931,0.915622,0.878474,2.57202,-11.9889,0.0700852,0.371138,0.925929,0,-0,1,0.325002,-0.214518,2.37037,-1.50819,1.22286,-8.4902
25600000,-0.170661,-0.262721,-0.285277,7.58531,5.79663,7.47069,21.5713,-1,0.398201,0.160429,0.108728,0.896592,0.855729,2.58121,-12.0082,0.0860183,0.370398,0.924882,0,-0,1,0.335737,-0.202468,2.27125,-1.52311,1.2271,-8.47249
25608000,-0.190877,-0.2303,-0.288045,7.56509,5.82905,7.46792,21.5713,-1,0.442519,0.162022,0.107899,0.875376,0.836636,2.57835,-12.0264,0.101918,0.368025,0.924214,0,-0,1,0.345156,-0.189294,2.1724,-1.53816,1.23132,-8.45463
25616000,-0.209361,-0.199241,-0.291897,7.54661,5.86011,7.46407,21.5713,-1,0.485826,0.163171,0.106844,0.852017,0.821574,2.57592,-12.0441,0.117647,0.36405,0.923919,0,-0,1,0.353201,-0.175127,2.07381,-1.55334,1.23552,-8.43661
25624000,-0.221496,-0.169612,-0.30122,7.53447,5.88974,7.45475,21.5713,-1,0.528017,0.16389,0.105542,0.826558,0.809108,2.58416,-12.0607,0.132989,0.358517,0.924002,0,-0,1,0.359763,-0.160156,1.97547,-1.56866,1.23973,-8.41843
25632000,-0.22607,-0.141021,-0.316225,7.5299,5.91833,7.43974,21.5713,-1,0.568989,0.164186,0.103951,0.799055,0.796847,2.60489,-12.0757,0.147694,0.351474,0.924474,0,-0,1,0.36472,-0.144597,1.87731,-1.5841,1.24393,-8.40009
25640000,-0.226501,-0.11158,-0.334931,7.52947,5.94777,7.42104,21.5713,-1,0.60864,0.164054,0.102043,0.769566,0.782237,2.63159,-12.0902,0.161553,0.342977,0.925347,0,-0,1,0.367977,-0.128641,1.7793,-1.59969,1.24815,-8.38163
25648000,-0.227573,-0.0798934,-0.351894,7.52839,5.97946,7.40407,21.5713,-1,0.646851,0.163467,0.0998341,0.73817,0.762489,2.65284,-12.104,0.174436,0.333078,0.926624,0,-0,1,0.369497,-0.112414,1.68144,-1.61541,1.2524,-8.36301
25656000,-0.232373,-0.0464951,-0.361865,7.52359,6.01285,7.3941,21.5713,-1,0.683524,0.162393,0.0973804,0.70494,0.73752,2.65958,-12.1159,0.186296,0.321822,0.928291,0,-0,1,0.369292,-0.0959784,1.5837,-1.63125,1.25668,-8.34423
25664000,-0.241017,-0.0123235,-0.366476,7.51495,6.04703,7.38949,21.5713,-1,0.71855,0.160817,0.0947485,0.66996,0.710672,2.65287,-12.1271,0.197104,0.309278,0.930321,0,-0,1,0.367408,-0.0794026,1.48608,-1.64721,1.26101,-8.32529
25672000,-0.250133,0.0192338,-0.37022,7.50583,6.07858,7.38575,21.5713,-1,0.751832,0.158756,0.0919798,0.633313,0.689175,2.64079,-12.1379,0.206788,0.295569,0.932672,0,-0,1,0.3639,-0.0628193,1.38852,-1.66329,1.26538,-8.3062
25680000,-0.254051,0.0444051,-0.377392,7.50192,6.10375,7.37857,21.5713,-1,0.783282,0.156251,0.0890693,0.595081,0.678358,2.63463,-12.147,0.21521,0.280874,0.935304,0,-0,1,0.358813,-0.0464483,1.29097,-1.67947,1.26982,-8.28694
25688000,-0.251646,0.064244,-0.390583,7.50432,6.12359,7.36538,21.5713,-1,0.812822,0.153341,0.0859831,0.555351,0.676363,2.6385,-12.1554,0.222202,0.265389,0.938187,0,-0,1,0.352174,-0.0305426,1.19334,-1.69576,1.27433,-8.26753
25696000,-0.24428,0.0811091,-0.407612,7.51169,6.14046,7.34836,21.5713,-1,0.840375,0.150041,0.0826968,0.514216,0.677265,2.64918,-12.1626,0.227628,0.249286,0.941298,0,-0,1,0.344015,-0.0153151,1.09557,-1.71213,1.27891,-8.248
25704000,-0.235638,0.0998406,-0.425693,7.52033,6.15919,7.33027,21.5713,-1,0.865872,0.146337,0.0792128,0.47178,0.67185,2.65999,-12.1697,0.231407,0.232682,0.944622,0,-0,1,0.334356,-0.000901613,0.997626,-1.72867,1.28351,-8.22832
25712000,-0.229546,0.121754,-0.439346,7.52642,6.1811,7.31662,21.5713,-1,0.889205,0.142222,0.0755954,0.428221,0.656622,2.66122,-12.1758,0.233562,0.215693,0.948117,0,-0,1,0.3233,0.0126355,0.899662,-1.74646,1.28735,-8.20827
25720000,-0.226782,0.145072,-0.448408,7.52919,6.20442,7.30756,21.5713,-1,0.910311,0.137702,0.0719055,0.383668,0.63601,2.65143,-12.1813,0.234143,0.198436,0.951736,0,-0,1,0.310964,0.0252515,0.801711,-1.76429,1.29129,-8.18808
25728000,-0.225464,0.165208,-0.455243,7.5305,6.22456,7.30072,21.5713,-1,0.929176,0.132783,0.0681704,0.338161,0.619799,2.63455,-12.1862,0.233164,0.181007,0.955443,0,-0,1,0.297428,0.036889,0.703599,-1.78215,1.29533,-8.16774
25736000,-0.222944,0.178074,-0.463056,7.53302,6.23742,7.29291,21.5713,-1,0.945749,0.12752,0.0643914,0.291806,0.616401,2.61665,-12.1907,0.230629,0.163632,0.959185,0,-0,1,0.282854,0.0473916,0.605304,-1.80005,1.29946,-8.14725
25744000,-0.216587,0.182569,-0.474311,7.53938,6.24192,7.28166,21.5713,-1,0.959986,0.121972,0.0605366,0.244713,0.627083,2.60384,-12.1944,0.226517,0.146568,0.962917,0,-0,1,0.267409,0.0565627,0.506805,-1.81796,1.30369,-8.12662
25752000,-0.20639,0.183082,-0.489977,7.54958,6.24243,7.26599,21.5713,-1,0.971854,0.116161,0.0565739,0.196991,0.642831,2.59816,-12.1981,0.220809,0.130019,0.966612,0,-0,1,0.25122,0.0642418,0.408088,-1.83589,1.30803,-8.10584
25760000,-0.194175,0.183963,-0.507446,7.56179,6.24331,7.24852,21.5713,-1,0.981324,0.110082,0.0524973,0.148758,0.653818,2.59591,-12.2016,0.213513,0.114119,0.970252,0,-0,1,0.234385,0.0703405,0.309172,-1.85382,1.31245,-8.08497
25768000,-0.182171,0.187748,-0.523803,7.5738,6.2471,7.23216,21.5713,-1,0.988372,0.103715,0.0483359,0.100142,0.65447,2.59212,-12.2046,0.204689,0.0989409,0.973814,0,-0,1,0.217001,0.074845,0.210108,-1.87173,1.31697,-8.06395
25776000,-0.173222,0.193453,-0.537312,7.58275,6.2528,7.21866,21.5713,-1,0.992977,0.0970639,0.044136,0.0512658,0.648501,2.58118,-12.2079,0.194447,0.0845628,0.977261,0,-0,1,0.199203,0.0777782,0.110942,-1.88964,1.32158,-8.04279
25784000,-0.167362,0.197096,-0.547824,7.58861,6.25644,7.20814,21.5713,-1,0.995124,0.0901625,0.0399291,0.00225028,0.644467,2.56241,-12.2115,0.18292,0.0711083,0.980553,0,-0,1,0.181179,0.0791457,0.0117158,-1.90753,1.32627,-8.02149
25792000,-0.164149,0.19452,-0.55648,7.59182,6.25387,7.19949,21.5713,-1,0.994803,0.0830758,0.035717,-0.0467854,0.651791,2.53702,-12.2155,0.170259,0.0587675,0.983645,0,-0,1,0.163175,0.0789182,-0.0875339,-1.92538,1.33104,-8.00004
25800000,-0.159819,0.184371,-0.566261,7.59615,6.24372,7.18971,21.5713,-1,0.992014,0.0758565,0.0314674,-0.0957239,0.671826,2.51327,-12.2192,0.156576,0.0477454,0.986511,0,-0,1,0.145419,0.077031,-0.18678,-1.9432,1.33588,-7.97846
25808000,-0.153224,0.169545,-0.579222,7.60274,6.22889,7.17674,21.5713,-1,0.986764,0.0685273,0.0271426,-0.144446,0.698705,2.49558,-12.2231,0.141961,0.0382089,0.989135,0,-0,1,0.128094,0.0734296,-0.28599,-1.96097,1.34078,-7.95673
25816000,-0.143606,0.154602,-0.59649,7.61236,6.21395,7.15948,21.5713,-1,0.979066,0.0610723,0.0227255,-0.192832,0.722696,2.48723,-12.2278,0.126485,0.0302431,0.991507,0,-0,1,0.11131,0.0681056,-0.385137,-1.97869,1.34573,-7.93491
25824000,-0.133046,0.141819,-0.614949,7.62292,6.20117,7.14102,21.5713,-1,0.968939,0.0534702,0.0182289,-0.240762,0.73859,2.48323,-12.2327,0.110248,0.023878,0.993617,0,-0,1,0.095162,0.0611105,-0.484185,-1.99636,1.35072,-7.91294
25832000,-0.125504,0.13169,-0.631379,7.63046,6.19104,7.12459,21.5713,-1,0.956405,0.0457234,0.0136902,-0.288116,0.747033,2.47536,-12.2385,0.0934127,0.0191184,0.995444,0,-0,1,0.0797661,0.0525582,-0.583106,-2.01444,1.35587,-7.88925
25840000,-0.123392,0.121711,-0.643565,7.63258,6.18106,7.1124,21.5713,-1,0.941486,0.0378716,0.00913301,-0.334794,0.754387,2.458,-12.2454,0.0761917,0.016009,0.996965,0,-0,1,0.0653013,0.0425684,-0.681923,-2.03244,1.36104,-7.86545
25848000,-0.125657,0.107926,-0.651074,7.63031,6.16728,7.10489,21.5713,-1,0.924217,0.0299756,0.0045687,-0.380662,0.768044,2.43193,-12.2522,0.0588282,0.0146113,0.998161,0,-0,1,0.0519784,0.0312712,-0.78059,-2.05037,1.36621,-7.84155
25856000,-0.13008,0.0899521,-0.658586,7.62589,6.1493,7.09738,21.5713,-1,0.904643,0.0220801,-2.18639e-05,-0.425597,0.790574,2.40464,-12.2604,0.0415232,0.0149998,0.999025,0,-0,1,0.0399855,0.018756,-0.879098,-2.06823,1.37139,-7.81754
25864000,-0.132536,0.0673233,-0.668138,7.62343,6.12667,7.08783,21.5713,-1,0.882807,0.0141925,-0.00467909,-0.469498,0.820469,2.38414,-12.2684,0.0244074,0.0172441,0.999553,0,-0,1,0.0294567,0.00506525,-0.977489,-2.08601,1.37657,-7.79342
25872000,-0.132226,0.0444592,-0.683974,7.62374,6.10381,7.07199,21.5713,-1,0.858756,0.0062864,-0.00942353,-0.512259,0.850959,2.37623,-12.2785,0.00757104,0.0213518,0.999743,0,-0,1,0.0204539,-0.00974464,-1.0758,-2.10372,1.38173,-7.76919
25880000,-0.12969,0.0224107,-0.701478,7.62628,6.08176,7.05449,21.5713,-1,0.832545,-0.00166753,-0.0142479,-0.553772,0.87676,2.37658,-12.2882,-0.00888641,0.0272762,0.999588,0,-0,1,0.0130082,-0.0255736,-1.17408,-2.12135,1.38687,-7.74491
25888000,-0.129969,0.00405817,-0.71785,7.626,6.06341,7.03812,21.5713,-1,0.80423,-0.00966629,-0.0191189,-0.593933,0.894962,2.37608,-12.2993,-0.0247992,0.0349291,0.999082,0,-0,1,0.00716936,-0.0422469,-1.27237,-2.13891,1.39198,-7.72051
25896000,-0.136441,-0.0113072,-0.728858,7.61953,6.04804,7.02711,21.5713,-1,0.773875,-0.017668,-0.0240011,-0.632637,0.907623,2.36619,-12.3114,-0.0399376,0.0442117,0.998223,0,-0,1,0.00302759,-0.0595377,-1.37072,-2.15641,1.39705,-7.69599
25904000,-0.149152,-0.0250978,-0.734317,7.60681,6.03425,7.02165,21.5713,-1,0.74155,-0.0256155,-0.0288718,-0.669786,0.918207,2.34658,-12.3243,-0.054057,0.0550264,0.997021,0,-0,1,0.000687511,-0.0772103,-1.46921,-2.17384,1.40207,-7.67135
25912000,-0.164532,-0.040485,-0.737564,7.59144,6.01886,7.0184,21.5713,-1,0.707331,-0.0334719,-0.0337365,-0.705283,0.932997,2.32477,-12.3376,-0.0669659,0.0672998,0.995483,0,-0,1,0.000237209,-0.0950834,-1.56791,-2.1912,1.40703,-7.64658
25920000,-0.178453,-0.0585372,-0.744141,7.57751,6.00081,7.01183,21.5713,-1,0.671296,-0.0412431,-0.038619,-0.739033,0.954804,2.31131,-12.352,-0.0785601,0.0809766,0.993615,0,-0,1,0.00171973,-0.11305,-1.66688,-2.20851,1.41193,-7.6217
25928000,-0.188947,-0.0793555,-0.755298,7.56702,5.97999,7.00067,21.5713,-1,0.63352,-0.0489592,-0.0435398,-0.770948,0.983005,2.31014,-12.3668,-0.0887814,0.0959948,0.991415,0,-0,1,0.00514476,-0.131031,-1.76621,-2.22577,1.41676,-7.59668
25936000,-0.197589,-0.0997742,-0.770396,7.55838,5.95958,6.98557,21.5713,-1,0.59409,-0.0566491,-0.0484968,-0.800934,1.0121,2.31897,-12.3829,-0.0975745,0.112249,0.988878,0,-0,1,0.0104924,-0.148917,-1.86598,-2.24299,1.4215,-7.57158
25944000,-0.207398,-0.116252,-0.783722,7.54857,5.9431,6.97224,21.5713,-1,0.553099,-0.0643092,-0.0534553,-0.828908,1.03329,2.32921,-12.3988,-0.104839,0.12956,0.986014,0,-0,1,0.0177264,-0.166513,-1.96624,-2.26017,1.42617,-7.54635
25952000,-0.222883,-0.12567,-0.792115,7.53308,5.93368,6.96385,21.5713,-1,0.510642,-0.0718902,-0.0583643,-0.854792,1.04249,2.33205,-12.4158,-0.110415,0.147692,0.982851,0,-0,1,0.0268119,-0.183538,-2.06707,-2.27732,1.43074,-7.52098
25960000,-0.244213,-0.12896,-0.794496,7.51175,5.93039,6.96147,21.5713,-1,0.466823,-0.079326,-0.0631813,-0.878517,1.04161,2.32597,-12.4331,-0.11414,0.166394,0.979431,0,-0,1,0.0377072,-0.199692,-2.1685,-2.29408,1.43523,-7.49555
25968000,-0.267548,-0.129778,-0.794863,7.48842,5.92957,6.9611,21.5713,-1,0.421753,-0.0865792,-0.067884,-0.900011,1.03829,2.31898,-12.4506,-0.115925,0.185451,0.975792,0,-0,1,0.0503397,-0.214752,-2.27058,-2.31084,1.43963,-7.46998
25976000,-0.289888,-0.132935,-0.797448,7.46608,5.92641,6.95852,21.5713,-1,0.375537,-0.0936503,-0.0724828,-0.91921,1.04352,2.31782,-12.4688,-0.115748,0.204725,0.971952,0,-0,1,0.0646411,-0.228594,-2.37332,-2.32759,1.44392,-7.44425
25984000,-0.308859,-0.140512,-0.803546,7.44711,5.91884,6.95242,21.5713,-1,0.328284,-0.100568,-0.0769979,-0.936049,1.06049,2.32644,-12.4867,-0.113639,0.224114,0.967915,0,-0,1,0.0805325,-0.241159,-2.47674,-2.34438,1.44811,-7.41837
25992000,-0.325833,-0.149802,-0.812488,7.43013,5.90955,6.94348,21.5713,-1,0.280091,-0.107358,-0.0814388,-0.950469,1.08435,2.34262,-12.505,-0.109623,0.243507,0.963684,0,-0,1,0.0979236,-0.252371,-2.58087,-2.36118,1.4522,-7.39234
26000000,-0.343218,-0.15502,-0.820488,7.41275,5.90433,6.93548,21.5713,-1,0.231093,-0.114005,-0.0857744,-0.962414,1.10226,2.36053,-12.523,-0.103715,0.262686,0.959291,0,-0,1,0.116648,-0.262075,-2.68567,-2.37801,1.45617,-7.3662
26008000,-0.363389,-0.15054,-0.824682,7.39258,5.90881,6.93128,21.5713,-1,0.181415,-0.120452,-0.0899464,-0.971849,1.10261,2.37503,-12.5409,-0.0959064,0.281345,0.954802,0,-0,1,0.136478,-0.270027,-2.79107,-2.39488,1.46004,-7.3399
26016000,-0.385892,-0.136381,-0.825834,7.37008,5.92297,6.93013,21.5713,-1,0.131185,-0.126623,-0.0938914,-0.978745,1.08606,2.38688,-12.5587,-0.0862165,0.299154,0.950302,0,-0,1,0.157137,-0.275988,-2.89698,-2.41181,1.46379,-7.31343
26024000,-0.408712,-0.117009,-0.825518,7.34725,5.94234,6.93045,21.5713,-1,0.0805321,-0.132467,-0.0975699,-0.983081,1.06171,2.39887,-12.5759,-0.0747163,0.315843,0.945865,0,-0,1,0.178345,-0.279804,-3.0033,-2.42878,1.46743,-7.2868
26032000,-0.430816,-0.0992384,-0.826153,7.32515,5.96011,6.92981,21.5713,-1,0.0295898,-0.137974,-0.100984,-0.98483,1.04526,2.41268,-12.5932,-0.0615178,0.331262,0.941531,0,-0,1,0.199878,-0.281438,-3.10993,-2.44583,1.47097,-7.25999
26040000,-0.451434,-0.0875879,-0.8277,7.30453,5.97176,6.92827,21.5713,-1,-0.0215073,-0.143163,-0.104165,-0.983967,1.04553,2.42817,-12.6097,-0.0467452,0.345352,0.937308,0,-0,1,0.221571,-0.280936,3.06643,-2.46295,1.4744,-7.23301
26048000,-0.470838,-0.0802619,-0.828885,7.28513,5.97909,6.92708,21.5713,-1,-0.0726176,-0.148055,-0.10714,-0.980473,1.05778,2.44401,-12.625,-0.030525,0.358055,0.933202,0,-0,1,0.243261,-0.278348,2.95949,-2.48015,1.47774,-7.20586
26056000,-0.490001,-0.0700342,-0.82993,7.26597,5.98932,6.92604,21.5713,-1,-0.123603,-0.152633,-0.109905,-0.974344,1.06756,2.46011,-12.64,-0.0129853,0.369228,0.929248,0,-0,1,0.26472,-0.273669,2.85256,-2.49744,1.48099,-7.17858
26064000,-0.50737,-0.0509565,-0.830438,7.2486,6.00839,6.92553,21.5713,-1,-0.174342,-0.156839,-0.112407,-0.965594,1.06019,2.47914,-12.6537,0.00570978,0.378625,0.925532,0,-0,1,0.285604,-0.266847,2.74574,-2.51482,1.48416,-7.15112
26072000,-0.523134,-0.0207337,-0.832027,7.23283,6.03862,6.92394,21.5713,-1,-0.224686,-0.160594,-0.114581,-0.954252,1.03227,2.50192,-12.6674,0.0253435,0.385973,0.922162,0,-0,1,0.30552,-0.257852,2.63919,-2.5323,1.48724,-7.12349
26080000,-0.535715,0.0150751,-0.834814,7.22025,6.07442,6.92115,21.5713,-1,-0.274499,-0.163839,-0.11638,-0.940353,0.994179,2.52905,-12.6798,0.0456675,0.391076,0.919225,0,-0,1,0.324114,-0.246736,2.53302,-2.55057,1.49012,-7.09507
26088000,-0.546871,0.0485972,-0.837514,7.2091,6.10795,6.91845,21.5713,-1,-0.323603,-0.166571,-0.117805,-0.923936,0.963363,2.55471,-12.691,0.0664224,0.393894,0.916753,0,-0,1,0.341167,-0.233679,2.42738,-2.56893,1.49293,-7.06648
26096000,-0.558801,0.0757704,-0.837926,7.19717,6.13512,6.91804,21.5713,-1,-0.371891,-0.168801,-0.118903,-0.905022,0.948775,2.57278,-12.7009,0.08745,0.394474,0.914736,0,-0,1,0.356608,-0.218842,2.32223,-2.5874,1.49569,-7.03772
26104000,-0.572471,0.0970113,-0.835316,7.1835,6.15636,6.92065,21.5713,-1,-0.419219,-0.170558,-0.119734,-0.883646,0.949557,2.58122,-12.7099,0.108592,0.392899,0.913147,0,-0,1,0.37041,-0.202415,2.2176,-2.60597,1.49839,-7.00879
26112000,-0.585633,0.118504,-0.831717,7.17033,6.17785,6.92425,21.5713,-1,-0.465445,-0.171837,-0.120321,-0.859858,0.951371,2.58617,-12.7179,0.129664,0.389181,0.91199,0,-0,1,0.382474,-0.184552,2.11348,-2.62466,1.50106,-6.97968
