timestamp,x,y,z,vx,vy,vz,ax,ay,az,roll,pitch,yaw
1729563621570033,0.00014137082,-0.09479514,0.15228549,-0.031968877,-0.04522609,0.23262252,0.0,0.0,0.0,0.39088331810397464,0.4209687298865586,88.65162139036639
1729563621586033,-0.00068888156,-0.09498556,0.15128592,-0.032228313,-0.045057934,0.23255667,-0.016214792,0.0105097415,-0.0041155145,0.3910433779442837,0.42045570481656475,88.65027879002588
1729563621594033,-0.00109927,-0.09508771,0.15089281,-0.032364182,-0.04497507,0.23255785,-0.016983598,0.010358169,0.00014714897,0.39109255014732086,0.42019030747327424,88.64965048971675
1729563621602033,-0.0015108451,-0.09519284,0.15056862,-0.032516964,-0.04490977,0.23258285,-0.0190977,0.008162111,0.0031255183,0.391118807148841,0.41991551837665675,88.64903552452765
1729563621610033,-0.0019193587,-0.09530219,0.15032762,-0.0326673,-0.044847563,0.23261099,-0.018792227,0.0077760774,0.0035166738,0.39114972987213054,0.41974478574444524,88.64814733985521
1729563621626033,-0.002727896,-0.09553494,0.15003875,-0.03295614,-0.044764586,0.23268996,-0.018052291,0.0051860693,0.004936009,0.39125346709382264,0.41932938704913136,88.64666475594434
1729563621634033,-0.0031279193,-0.095658176,0.14998779,-0.033086542,-0.04471633,0.23276994,-0.016300473,0.006032176,0.009996816,0.3912693953631444,0.4190813591662876,88.64588940238875
1729563621642033,-0.0038258333,-0.095361374,0.14906228,-0.033320047,-0.04447603,0.23266898,-0.029188113,0.03003748,-0.01261942,0.39126550000750343,0.41896268145576016,88.64516168669086
1729563621650033,-0.004513854,-0.09507807,0.14821965,-0.03354998,-0.04424194,0.2326094,-0.028741544,0.029261222,-0.007446855,0.3913195314119238,0.41856894788629073,88.64393890760829
1729563621666033,-0.0058614346,-0.094550654,0.14679371,-0.034004897,-0.043795157,0.23255777,-0.028432345,0.027923843,-0.0032270325,0.39156454192573725,0.4177032783981742,88.64160244379245
1729563621674033,-0.006533987,-0.094284475,0.14620577,-0.034252252,-0.043548603,0.23255023,-0.030919442,0.030819325,-0.0009424984,0.3915997635416817,0.4173709381817532,88.64047859702006
1729563621682033,-0.007197689,-0.094030775,0.14569223,-0.034477834,-0.043336228,0.23256874,-0.028197652,0.026546882,0.0023134053,0.39164194876607583,0.4171016988596878,88.63831634045984
1729563621690033,-0.007852702,-0.09378936,0.14525129,-0.034694936,-0.043120548,0.23260307,-0.027137807,0.026959924,0.0042915344,0.3917557944979013,0.4167317649533489,88.63625301542969
1729563621706033,-0.009137968,-0.09334185,0.14457953,-0.035144486,-0.04269413,0.23267063,-0.028096836,0.02665119,0.0042226166,0.3920161728875127,0.41601172127214686,88.63198296880238
1729563621714033,-0.009768691,-0.09313521,0.14434525,-0.03534719,-0.042490665,0.23274677,-0.025338026,0.02543302,0.009516254,0.3920878133536359,0.41568399696233665,88.62992972350385
1729563621722033,-0.010391874,-0.09293962,0.14417651,-0.03557512,-0.04229701,0.23282436,-0.028491484,0.024206934,0.009698793,0.3921521400466546,0.4153052850315871,88.62779461866559
1729563621730033,-0.011007859,-0.09275484,0.1440877,-0.035805345,-0.042111974,0.23293106,-0.028777866,0.023129394,0.013338401,0.39216326912167326,0.4149133125993329,88.62564951695035
1729563621746033,-0.012185735,-0.09241913,0.14409412,-0.03619981,-0.04175946,0.23315714,-0.024654202,0.022032063,0.014130025,0.39223522973396063,0.41447672934610647,88.62203516219601
1729563621754033,-0.012765081,-0.09226658,0.14418635,-0.03640298,-0.041601337,0.23330036,-0.025396233,0.019765457,0.017901883,0.39225281218289854,0.41418435758856365,88.62045007177973
1729563621762033,-0.013299746,-0.09193769,0.14405245,-0.036621235,-0.04132477,0.23342775,-0.027281696,0.03457116,0.015923753,0.39227949598029443,0.41397371012072764,88.61884457856459
1729563621770033,-0.013829999,-0.09162179,0.14398225,-0.036855455,-0.04106,0.23355953,-0.02927752,0.033095945,0.016473234,0.3923386766178171,0.41357618808108765,88.61685636678504
1729563621786033,-0.014878154,-0.09102731,0.14404102,-0.037303258,-0.04051935,0.2338254,-0.027987638,0.03379071,0.016616657,0.392545720539228,0.41284741996103996,88.61272980192147
1729563621794033,-0.015396293,-0.090748064,0.14416647,-0.037525043,-0.040260322,0.23398583,-0.027723143,0.03237836,0.020053236,0.39265185553685317,0.4124201485315214,88.61069379193216
1729563621802033,-0.015910732,-0.090480424,0.1443491,-0.03775649,-0.040002853,0.23416981,-0.028931068,0.032183714,0.022998078,0.39266149046999194,0.4120162764638965,88.60858608435991
1729563621810033,-0.01641087,-0.09022714,0.1445875,-0.037977707,-0.03976163,0.23434667,-0.027651897,0.030152963,0.022107733,0.3926213396101774,0.4116952492790784,88.60657738804242
1729563621826033,-0.017400963,-0.089753725,0.14522554,-0.03836508,-0.03930919,0.23469263,-0.024210893,0.028277513,0.021622514,0.39256641104597445,0.41094932537567885,88.6033457537101
1729563621834033,-0.017891113,-0.08953329,0.14562269,-0.03857523,-0.039121326,0.2348866,-0.026268417,0.023482831,0.02424605,0.39261699724704496,0.4105875028141589,88.60180879583433
1729563621842033,-0.018378276,-0.0893236,0.14607017,-0.038787074,-0.03894846,0.23508814,-0.026480759,0.021608079,0.025192274,0.3926414131681454,0.4102968921527571,88.60032604817394
1729563621850033,-0.018862538,-0.08912442,0.14657877,-0.03899415,-0.038769484,0.2353098,-0.025884246,0.022372229,0.027706845,0.3927286850300356,0.4100116444049388,88.59890483867399
1729563621866033,-0.019822787,-0.08875663,0.14773798,-0.039404657,-0.038435753,0.23577547,-0.02565677,0.020858131,0.02910476,0.39293791663422845,0.4093839446450772,88.59624728574707
1729563621874033,-0.020314975,-0.08858436,0.1483863,-0.039615825,-0.03830461,0.236026,-0.026396008,0.01639314,0.031316653,0.3930553406789846,0.409073376559673,88.59493549667656
1729563621882033,-0.020804351,-0.08842199,0.14907895,-0.039834246,-0.03815705,0.23626733,-0.02730265,0.018444844,0.030165536,0.39314159866367837,0.4088416511532647,88.59321025990332
1729563621890033,-0.021797048,-0.088217564,0.14824793,-0.040232178,-0.037980404,0.23617323,-0.04974147,0.022080725,-0.011762603,0.3931123568602206,0.40861534201784794,88.59149876355318
1729563621906033,-0.023739785,-0.08783989,0.1468482,-0.041010436,-0.037695963,0.2360711,-0.04864111,0.017777551,-0.0063832845,0.3935414621841902,0.40812000731962156,88.58732773687417
1729563621914033,-0.024690825,-0.08766634,0.14627475,-0.04139874,-0.037562046,0.23604572,-0.0485382,0.016739592,-0.0031720845,0.39376853968683406,0.4078155492555005,88.58526774565591
1729563621922033,-0.025628876,-0.08750272,0.14577658,-0.041784644,-0.037439547,0.2360313,-0.04823785,0.015312339,-0.0018030404,0.3940551413062788,0.4075992188809467,88.58327279189108
1729563621930033,-0.026554454,-0.08734889,0.14535175,-0.042181496,-0.037324816,0.23602958,-0.049606428,0.014341435,-0.00021420418,0.3943666091023312,0.4073773922054266,88.58137334966385
1729563621946033,-0.02837092,-0.08710051,0.14471436,-0.042884413,-0.0371139,0.23605956,-0.043932345,0.013182172,0.0018738209,0.39494450486133825,0.40705324351771865,88.57750302270198
1729563621954033,-0.02926239,-0.08700537,0.14449811,-0.04323377,-0.037044615,0.23609495,-0.04366971,0.008660834,0.004423782,0.3950814023299554,0.40682728128687146,88.57649176260665
1729563621962033,-0.030142643,-0.086918995,0.14434785,-0.043581422,-0.036975317,0.23615715,-0.04345644,0.008662231,0.0077746804,0.3953288903167304,0.4066642330923479,88.57550790033375
1729563621970033,-0.031012058,-0.086841255,0.14427742,-0.043933757,-0.036913335,0.23621884,-0.044041775,0.007747672,0.0077113505,0.3954963635827245,0.40649331397722566,88.5745445228203
1729563621986033,-0.032719888,-0.086711295,0.1443216,-0.04462692,-0.036817364,0.23640507,-0.043322794,0.0059981826,0.011639669,0.39587733388814006,0.4061841067392804,88.5727716584247
1729563621994033,-0.033559028,-0.086658716,0.14443298,-0.044972636,-0.036768015,0.23651141,-0.043214295,0.0061686146,0.013291835,0.39617911349394214,0.40612482134217553,88.57198248621795
1729563622002033,-0.0343887,-0.08661424,0.14460185,-0.04530214,-0.036736693,0.23662566,-0.041188203,0.00391528,0.014280899,0.39638607381403,0.40601700303109345,88.57125818223575
1729563622010033,-0.03474573,-0.08645715,0.1448504,-0.04542759,-0.03656751,0.23670967,-0.015681144,0.021148006,0.010501592,0.3965559482884457,0.4059530217622917,88.5704828368299
1729563622026033,-0.035448365,-0.086154886,0.14551786,-0.04569811,-0.03622944,0.23690382,-0.016907463,0.021129379,0.012134201,0.3965779093468221,0.40551403769937766,88.56923933149862
1729563622034033,-0.035801895,-0.086017124,0.14593382,-0.04582483,-0.03608868,0.23703526,-0.015839934,0.017595012,0.016430393,0.3966708907330498,0.40521739729399875,88.56879174131925
1729563622042033,-0.03615693,-0.0858881,0.14639857,-0.045956388,-0.03594521,0.2371592,-0.016444828,0.017933547,0.015491619,0.3967178513671601,0.40499383641282743,88.56835106465526
1729563622050033,-0.03651329,-0.08576766,0.14691103,-0.046076972,-0.035809316,0.23731181,-0.015072989,0.016986858,0.019077212,0.39672676263844103,0.404706214235594,88.5679004017229
1729563622066033,-0.037229966,-0.08555159,0.14807463,-0.046341486,-0.03552887,0.2376547,-0.01653214,0.017527957,0.021430662,0.3966243927787616,0.40425645107963165,88.56725803641396
1729563622074033,-0.03759017,-0.085455626,0.14872369,-0.04647384,-0.035416815,0.2378535,-0.016544014,0.014006625,0.024849547,0.3966450464867055,0.4039951631640195,88.56699856394961
1729563622082033,-0.037956167,-0.08535478,0.14941621,-0.04661773,-0.035307955,0.23804781,-0.017986633,0.013607553,0.02428889,0.3966172988183479,0.40381450550768394,88.56676973311599
1729563622090033,-0.038323358,-0.08526201,0.1501608,-0.046777215,-0.035206024,0.23825742,-0.019935424,0.012741423,0.026201827,0.39667821332242625,0.403632540482026,88.56611721089855
1729563622106033,-0.039061148,-0.085099846,0.15177238,-0.047077656,-0.03499582,0.23868781,-0.018777559,0.013137701,0.026899388,0.39665476120817206,0.40323758033843476,88.56494198804276
1729563622114033,-0.03943156,-0.08503025,0.15263748,-0.04722012,-0.034926627,0.23893127,-0.017807819,0.008649193,0.030431895,0.39657410925365666,0.40308333697472,88.56434750559825
1729563622122033,-0.039802905,-0.0849682,0.15354106,-0.04735644,-0.034846902,0.23918968,-0.01704041,0.009965616,0.032301992,0.3966197861795777,0.4029364042315491,88.56383188993992
1729563622130033,-0.040175084,-0.08491336,0.1544821,-0.047497403,-0.034747954,0.23942487,-0.017620157,0.0123684285,0.029398127,0.39664534908609733,0.4027356824223442,88.56327496268541
1729563622146033,-0.040147677,-0.084627144,0.15525225,-0.047361612,-0.03448345,0.23968913,0.00848691,0.016531441,0.016516075,0.3961701733912726,0.40228733347277434,88.56308385845226
1729563622154033,-0.040137786,-0.08449929,0.15571848,-0.047299895,-0.034353815,0.23984653,0.00771461,0.016204547,0.019675119,0.3958044408965755,0.4021355714678138,88.56324099289557
1729563622162033,-0.04013631,-0.08437992,0.15623364,-0.04724537,-0.034217935,0.24002466,0.006815884,0.016984995,0.022266058,0.3955717904880998,0.4019393054191686,88.56367834079337
1729563622170033,-0.040143047,-0.08426887,0.15679663,-0.047188044,-0.034091186,0.24022406,0.0071655954,0.01584366,0.024925916,0.39525645738660325,0.4017743096037828,88.56406422032178
1729563622186033,-0.040180463,-0.08407085,0.15806131,-0.047114193,-0.033828676,0.24062882,0.0046156347,0.016406877,0.025297513,0.3945906263927379,0.40151366211372397,88.5649355019457
1729563622194033,-0.040210746,-0.08398369,0.15876073,-0.047067806,-0.03373207,0.2408411,0.005798414,0.012075528,0.026535241,0.39426256675720206,0.40137692157179694,88.56541049043385
1729563622202033,-0.04024843,-0.08390437,0.15950328,-0.04703359,-0.033639804,0.24104643,0.004277099,0.011533498,0.025665386,0.3939513958598523,0.4012781215289747,88.56583409626693
1729563622210033,-0.040293388,-0.08383235,0.16029567,-0.047011964,-0.03355334,0.24127635,0.0027031635,0.010807998,0.028740613,0.39374403860784585,0.4010839366251709,88.56621314778496
1729563622218033,-0.040345527,-0.08376789,0.16112903,-0.04699788,-0.033466477,0.2415283,0.0017606652,0.010857823,0.031493604,0.3934124305148764,0.4009478897984989,88.56668805074248
1729563622234033,-0.04048236,-0.08362687,0.16291492,-0.04696977,-0.033288967,0.24204814,0.0017567071,0.011094379,0.03249012,0.3927685544264709,0.40071971320782956,88.56691355282538
1729563622242033,-0.040560625,-0.08356753,0.16386542,-0.046949655,-0.0331914,0.242305,0.0025145707,0.012195668,0.032106414,0.3925268594806574,0.40058139849553204,88.56679405898446
1729563622250033,-0.040645182,-0.083515346,0.16485307,-0.0469335,-0.033108514,0.24258284,0.002019573,0.010360963,0.03473088,0.39217625494008646,0.40045226207643553,88.56666782236405
1729563622258033,-0.040735807,-0.08347029,0.16587698,-0.046910133,-0.033033393,0.24285997,0.0029206274,0.00939006,0.034641474,0.3918188468961409,0.4004622407996568,88.56655840001596
1729563622274033,-0.040440805,-0.08318861,0.1670062,-0.04650402,-0.032852802,0.24309091,0.02538203,0.01128693,0.014433636,0.39094880395157516,0.4002831840861607,88.5672759608752
1729563622282033,-0.040307775,-0.083062,0.16763997,-0.046312094,-0.032782897,0.24323781,0.023990868,0.008738134,0.018361956,0.3904393973727972,0.40012696637850326,88.56802749199963
1729563622290033,-0.04018407,-0.082944684,0.16831832,-0.04614307,-0.03270253,0.24338205,0.021127982,0.01004571,0.018030405,0.3898738585470378,0.4000334225228739,88.56890884473339
1729563622306033,-0.03995396,-0.08273892,0.1698045,-0.0458065,-0.03254786,0.24373375,0.021035548,0.0096668955,0.021981074,0.3888330874185343,0.39983299427675223,88.57058961157884
1729563622314033,-0.039847206,-0.08265017,0.17061037,-0.045646653,-0.03248731,0.24393037,0.019981058,0.007568858,0.0245776,0.38826154559958986,0.3996612748727582,88.57163159815957
1729563622322033,-0.039749224,-0.08256992,0.17145675,-0.045493204,-0.032429088,0.24413083,0.019181054,0.00727782,0.025058163,0.3877167074124742,0.39965807314369356,88.57271805329067
1729563622330033,-0.03965984,-0.082498014,0.17234775,-0.045353808,-0.032382395,0.24434474,0.01742458,0.005836598,0.02673827,0.3871244847121816,0.39961154134809546,88.57380092416042
1729563622338033,-0.039578937,-0.08243437,0.17327711,-0.045234736,-0.032351412,0.24454857,0.014883931,0.0038729047,0.025479121,0.38663986432788533,0.3995347532135047,88.57488396501903
1729563622354033,-0.039441876,-0.08233132,0.17524739,-0.0449719,-0.032280557,0.24502712,0.016427366,0.004428439,0.029909423,0.3856015211469615,0.39937837543363974,88.57696435396228
1729563622362033,-0.03938528,-0.08229147,0.17628664,-0.044867072,-0.03224594,0.24528205,0.013103242,0.0043269247,0.031866133,0.385040171456472,0.399340461626685,88.57800966972813
1729563622370033,-0.03933654,-0.08225916,0.17736086,-0.04476677,-0.03221126,0.24555793,0.012537929,0.0043353066,0.034485012,0.38450507164830394,0.3992455837263036,88.578990201837
1729563622386033,-0.039164387,-0.08192284,0.17927052,-0.044517327,-0.032079823,0.24602677,0.015590106,0.008214731,0.0293022,0.38351838191363924,0.39928549861339474,88.58082477378467
1729563622394033,-0.039042138,-0.081625864,0.18011244,-0.04435409,-0.031971417,0.24620746,0.02040481,0.0135507425,0.022586433,0.3829959553283763,0.3993045222194095,88.58299751364198
1729563622402033,-0.038928628,-0.08134286,0.18099399,-0.044212967,-0.031878162,0.24639527,0.01764018,0.011656898,0.023476778,0.3824443936579327,0.39927893506911377,88.58521805133658
1729563622410033,-0.038823705,-0.0810731,0.18191426,-0.04407748,-0.031785805,0.24659719,0.016936101,0.011544674,0.02523884,0.38198325213346845,0.39932978919689116,88.58739087528448
1729563622426033,-0.038638808,-0.08057331,0.1838669,-0.043813836,-0.03162617,0.24700494,0.016477657,0.009977258,0.02548471,0.38097316362879025,0.3992634333649588,88.59166790350628
1729563622434033,-0.03855862,-0.0803427,0.1848975,-0.04370619,-0.031547405,0.24721651,0.013455748,0.009845476,0.026445834,0.3804958804231315,0.399263033148845,88.59380308742998
1729563622442033,-0.038486473,-0.08012456,0.1859631,-0.043592654,-0.031489808,0.24743442,0.014191958,0.0071995887,0.02723932,0.3800797222164375,0.3991462500876791,88.5959655843995
1729563622450033,-0.038422186,-0.07991866,0.18706438,-0.043491524,-0.031427525,0.24767013,0.012641306,0.0077853906,0.02946332,0.3796768242214806,0.39909827751699767,88.59805963103945
1729563622466033,-0.038273353,-0.0795434,0.18936639,-0.043286555,-0.03128069,0.24816,0.012810574,0.009177253,0.030617228,0.3788932756946219,0.3989351761149878,88.60266466924175
1729563622474033,-0.038210765,-0.07937273,0.19056554,-0.043173667,-0.031223426,0.24841642,0.014110933,0.007157912,0.032052398,0.3786369603256191,0.3989324546455231,88.60503884421885
1729563622482033,-0.03815583,-0.0792131,0.19179584,-0.043069646,-0.031176971,0.24868988,0.013002659,0.005806796,0.0341814,0.3783395036553867,0.3988233023758744,88.60747114332538
1729563622490033,-0.03810843,-0.07906423,0.19305664,-0.042977046,-0.031120101,0.24897656,0.011574942,0.0071087847,0.03583543,0.3780613595297989,0.3989300800300106,88.60990369107142
1729563622506033,-0.038035884,-0.0787977,0.1956659,-0.042810608,-0.031051416,0.24957877,0.010402407,0.004292815,0.03763847,0.37750969112975297,0.3989110030627157,88.61449165778566
1729563622514033,-0.037328914,-0.078453146,0.19579993,-0.042501714,-0.030919343,0.24959101,0.038611703,0.01650909,0.0015292316,0.37715401764547346,0.39894061905391975,88.61674975091279
1729563622522033,-0.03666375,-0.07812862,0.1959923,-0.04223281,-0.030812962,0.24961878,0.03361283,0.013297656,0.0034719703,0.3766490134386794,0.3988450207691821,88.61946542716822
1729563622530033,-0.03602086,-0.07781851,0.1962416,-0.041968904,-0.030685227,0.24969007,0.032988377,0.015966827,0.008910894,0.37619825068548035,0.3986919514554073,88.62186699865663
1729563622546033,-0.03479994,-0.077239774,0.19690521,-0.04150022,-0.030452648,0.24981639,0.029292887,0.014536198,0.007894821,0.37526014623512105,0.39865139622546103,88.62642415571595
1729563622554033,-0.03422094,-0.07697057,0.19731659,-0.041279662,-0.030344985,0.24990618,0.027569475,0.013457843,0.011224299,0.3747629060685221,0.3985279162239333,88.62865160299289
1729563622562033,-0.03366227,-0.07671435,0.19777925,-0.041070845,-0.030242978,0.24999513,0.026102176,0.012750969,0.011118128,0.37429322686426597,0.3984835722826091,88.63093009973295
1729563622570033,-0.033123452,-0.07647085,0.19829494,-0.04087056,-0.030150061,0.25008953,0.025035812,0.011614523,0.011799856,0.37387853618430733,0.3984841059040436,88.63303796792727
1729563622586033,-0.0321035,-0.07602063,0.19947058,-0.040504985,-0.029958015,0.250298,0.022848368,0.012002884,0.013029202,0.37298581533442904,0.3984029420842546,88.63697333193733
1729563622594033,-0.031621225,-0.075817205,0.20012802,-0.04032076,-0.029893313,0.2504102,0.02302788,0.008087838,0.014025717,0.3726559953749286,0.3983128667874891,88.63887976098368
1729563622602033,-0.031156976,-0.07562529,0.20083034,-0.040152684,-0.029821826,0.2505482,0.021009704,0.008935807,0.01725182,0.3722850562786383,0.398303981990794,88.64077887491588
1729563622610033,-0.030710295,-0.07544437,0.20157658,-0.03997462,-0.029770408,0.25071827,0.022258142,0.0064272895,0.021256505,0.37196446778424663,0.3983003266840483,88.64261002878708
1729563622626033,-0.029868029,-0.07511535,0.2031969,-0.039689053,-0.029649967,0.25106114,0.017847866,0.0075275307,0.02142973,0.3713722450306783,0.3982637202545387,88.64616601062752
1729563622634033,-0.029471777,-0.07496668,0.20406885,-0.039549787,-0.029594311,0.2512476,0.017408282,0.006956979,0.02330914,0.3709832210505346,0.3982281810680275,88.64780247274201
1729563622642033,-0.029004844,-0.07446581,0.20373037,-0.0393744,-0.029436016,0.2511983,0.021923332,0.019786878,-0.006165355,0.3706136738566503,0.39813426369900556,88.64931244709479
1729563622650033,-0.028555427,-0.07398366,0.20346281,-0.039204564,-0.029293122,0.25119004,0.021229496,0.017861836,-0.0010319054,0.37026266963249943,0.3979909329890261,88.65084632095382
1729563622666033,-0.027760595,-0.07308745,0.20313303,-0.038947005,-0.029002672,0.25118402,0.016097445,0.018153107,-0.0003762543,0.3696530291647288,0.39757836361193305,88.65329227664675
1729563622674033,-0.027387448,-0.07266519,0.20306721,-0.038833976,-0.028864413,0.25120544,0.014128628,0.01728232,0.0026784835,0.3694374506112342,0.39750840584984803,88.65434783666083
1729563622682033,-0.027030047,-0.072259575,0.20306526,-0.038727142,-0.028735258,0.25125113,0.0133542335,0.016144477,0.0057108696,0.36924802362411074,0.39742457393282876,88.65522593656958
1729563622690033,-0.026688127,-0.07187028,0.2031306,-0.038633745,-0.028617434,0.25132915,0.011674593,0.014727934,0.00975281,0.36900256757219196,0.39724639776065307,88.65605599666043
1729563622706033,-0.026049469,-0.07113902,0.20344158,-0.038454648,-0.028399058,0.25147232,0.011193565,0.013648531,0.008948147,0.3684555730749761,0.3969235568475084,88.6574805345299
1729563622714033,-0.025752109,-0.07079628,0.20368408,-0.03837646,-0.02829489,0.25156158,0.009773299,0.013021053,0.0111572435,0.3682322571653511,0.3968237696587229,88.65810598026499
1729563622722033,-0.025469001,-0.07046823,0.20398265,-0.03830298,-0.02818211,0.2516716,0.009185169,0.014097429,0.013753771,0.36810673007715305,0.39668268018101815,88.65876508848653
1729563622730033,-0.025211222,-0.07015547,0.20433591,-0.038240485,-0.028078113,0.25177804,0.0078119333,0.012999632,0.013303011,0.3679098812352131,0.3965310783659384,88.65931510097583
1729563622746033,-0.024735944,-0.069571644,0.20520315,-0.03812821,-0.027926484,0.2520384,0.0070172823,0.009476789,0.016272068,0.3674252877785691,0.39652419465106403,88.66017263483943
1729563622754033,-0.024517916,-0.0693,0.20571445,-0.038100168,-0.027841324,0.25218332,0.0035050323,0.010645016,0.018116087,0.3671754828838014,0.396507599028406,88.66042195439435
1729563622762033,-0.024409035,-0.06939556,0.20613636,-0.038138162,-0.027880073,0.252313,-0.0047492795,-0.004843576,0.016208738,0.3669804264254105,0.39631893721753647,88.66068501076764
1729563622770033,-0.024310956,-0.06949567,0.20660987,-0.03817193,-0.02794969,0.25244373,-0.004220754,-0.008702278,0.016342849,0.36685179965266257,0.39636696313419345,88.66081832588966
1729563622786033,-0.024146518,-0.06970931,0.20770662,-0.038261056,-0.028051691,0.25278765,-0.0055704727,-0.006375019,0.021494923,0.3665826465845947,0.39652422133212945,88.66089351905195
1729563622794033,-0.024079422,-0.06981261,0.20832746,-0.038299005,-0.028111696,0.25297126,-0.0047436915,-0.0075006387,0.022951512,0.36663259251597463,0.3966096541039603,88.66082840898807
1729563622802033,-0.024022354,-0.06992044,0.20899515,-0.038346715,-0.028174208,0.25318128,-0.0059637236,-0.007814029,0.026252119,0.36667332884321036,0.3967138703471191,88.66047324787435
1729563622810033,-0.023975095,-0.070032425,0.20970868,-0.038389042,-0.028243475,0.25339937,-0.005290843,-0.008658273,0.027261673,0.36664584790742477,0.39686141664344154,88.66007338223453
1729563622826033,-0.023909546,-0.07026967,0.21126872,-0.03850272,-0.028375711,0.25384945,-0.0071048266,-0.008264789,0.028129665,0.36648851287667517,0.39705741576013115,88.6592809585627
1729563622834033,-0.023890896,-0.07039488,0.21211308,-0.03856221,-0.028452046,0.25408542,-0.0074361446,-0.009541865,0.029496847,0.3664959834226048,0.3972208372978139,88.65890165811976
1729563622842033,-0.023881512,-0.07052444,0.21299897,-0.03863877,-0.028526977,0.25431845,-0.009570271,-0.009366311,0.029128043,0.3665005676372316,0.3973035752889814,88.65843366731468
1729563622850033,-0.023881247,-0.070658386,0.21392538,-0.038710658,-0.028620938,0.25457743,-0.008985866,-0.011745141,0.032372773,0.36647642176410666,0.39750893947121946,88.65790755445933
1729563622866033,-0.023917316,-0.070948504,0.21589392,-0.038864776,-0.028791979,0.25512815,-0.009632437,-0.010690069,0.03441982,0.36651179530294126,0.3977895175930796,88.65673932463538
1729563622874033,-0.023953091,-0.07110451,0.21693422,-0.03895643,-0.028908642,0.2554152,-0.011456664,-0.014582881,0.035881996,0.3665083535153128,0.39786238359414533,88.65603201689933
1729563622882033,-0.0239973,-0.07126472,0.21801159,-0.03905393,-0.029018097,0.25570583,-0.012187752,-0.013681826,0.03632903,0.3665296712541474,0.3979126507296385,88.65537282886017
1729563622890033,-0.024046768,-0.07144128,0.21760501,-0.0390665,-0.029148523,0.25570098,-0.0015711411,-0.016303267,-0.0006072223,0.366653228759712,0.3980128381476312,88.6547167344573
1729563622906033,-0.02416574,-0.07180665,0.2170138,-0.03907914,-0.029405596,0.2557557,-0.0007899943,-0.01606706,0.0034198163,0.36652056836159025,0.39837911588747293,88.65427947175675
1729563622914033,-0.024234932,-0.07199546,0.21682546,-0.03908335,-0.02954821,0.25581083,-0.00052619725,-0.017826678,0.0068917866,0.3663693698194451,0.39855609143587345,88.65400958677603
1729563622922033,-0.024310468,-0.072188266,0.21670611,-0.039106973,-0.029684655,0.2558706,-0.002952758,-0.017055776,0.007472932,0.36617406835988964,0.3987286646111099,88.65384895729402
1729563622930033,-0.024392264,-0.072385035,0.2166574,-0.039132457,-0.02983081,0.25595102,-0.0031855886,-0.01826929,0.010050832,0.36607772497281327,0.3988693005455523,88.65370539896794
1729563622946033,-0.024576267,-0.072797954,0.21675476,-0.039154638,-0.03013126,0.25616008,-0.0013862735,-0.01877814,0.013066455,0.36607209052076267,0.39921036470844284,88.65334690438367
1729563622954033,-0.024676923,-0.0730101,0.2168975,-0.039174825,-0.030288452,0.25630003,-0.0025234183,-0.019649042,0.017493963,0.36603839301119523,0.3993822708705359,88.65323049937264
1729563622962033,-0.024783222,-0.07322599,0.2171009,-0.039192405,-0.030457295,0.25643855,-0.0021974556,-0.021105397,0.01731515,0.3659557100472169,0.399493237460703,88.65306986982378
1729563622970033,-0.024895022,-0.073445596,0.21736336,-0.03921012,-0.030612975,0.25659335,-0.0022142194,-0.019459985,0.019349158,0.36584026338925096,0.399609753716045,88.65294362345479
1729563622986033,-0.025134813,-0.07389579,0.21806023,-0.039274286,-0.030961908,0.25695235,-0.004010508,-0.021808313,0.022437422,0.36556137178565906,0.399914931861869,88.65276258879544
1729563622994033,-0.0252626,-0.07412632,0.21849185,-0.039304804,-0.031135967,0.25714183,-0.003814697,-0.021757323,0.023685394,0.3654673495861108,0.4000811816504008,88.65262927309904
1729563623002033,-0.025395516,-0.074360296,0.21897678,-0.039344344,-0.03129169,0.25735646,-0.0049425284,-0.01946534,0.026829539,0.36541700341885797,0.4002171751005297,88.65255757420287
1729563623010033,-0.025224568,-0.07438831,0.2183864,-0.03929189,-0.031356804,0.25733274,0.006556976,-0.008139294,-0.0029653308,0.365326818308277,0.4003871068839363,88.65246864351946
1729563623026033,-0.024919609,-0.074467525,0.2174413,-0.03919775,-0.03151723,0.2573457,0.00588363,-0.010026618,0.0008102506,0.3651389655661199,0.40045749156774785,88.6518605084106
1729563623034033,-0.024784965,-0.074518315,0.21708247,-0.03917153,-0.031597253,0.25736588,0.003277324,-0.010002869,0.0025220213,0.36494278358367793,0.40056280178381354,88.65155989525023
1729563623042033,-0.024661906,-0.07457635,0.2167967,-0.03915099,-0.031685375,0.25739652,0.002567656,-0.011015217,0.0038295982,0.3647884900370076,0.40056696403205677,88.6513105759509
1729563623050033,-0.02455013,-0.07464143,0.21658655,-0.03912016,-0.03176651,0.25744548,0.0038538126,-0.010142102,0.0061206515,0.3646327557359629,0.40064572657613456,88.6510237001315
1729563623066033,-0.02435916,-0.07479185,0.21637252,-0.039065436,-0.031931218,0.2576067,0.003420282,-0.01029414,0.010075047,0.3644438841993357,0.400839431210116,88.65050084031714
1729563623074033,-0.024240613,-0.07488645,0.21636522,-0.038993575,-0.032015078,0.25771096,0.008982606,-0.0104825,0.01303479,0.36435244998883065,0.40096875440287405,88.65028915802964
1729563623082033,-0.02413263,-0.074987225,0.21642229,-0.038922906,-0.03211634,0.25784504,0.008833595,-0.012657604,0.016760081,0.36422128845105783,0.40099676953670954,88.65086315087635
1729563623090033,-0.024034906,-0.07509421,0.21654214,-0.038847335,-0.03222878,0.2579862,0.009446405,-0.014055054,0.017642975,0.36405650942667184,0.40106011042061107,88.65147445907819
1729563623106033,-0.023869133,-0.07532604,0.2169653,-0.038712457,-0.03246537,0.25828433,0.008429866,-0.01478684,0.018633902,0.3638077984028031,0.4011938093140613,88.65274186250413
1729563623114033,-0.023800785,-0.07545069,0.2172656,-0.0386774,-0.03257852,0.2584565,0.0043818727,-0.014143995,0.021521,0.3636080145007692,0.4012122192596486,88.65333276587621
1729563623122033,-0.023741903,-0.07558111,0.21762247,-0.03863514,-0.032736253,0.25863627,0.005282927,-0.019716563,0.02247095,0.3635423803643571,0.40127473303171296,88.65398179155797
1729563623130033,-0.023692206,-0.07571735,0.21803452,-0.03859194,-0.032893505,0.2588352,0.005399808,-0.019656492,0.02486631,0.36344280857510053,0.40126891655610164,88.65461041204094
1729563623146033,-0.021764584,-0.07536199,0.2168891,-0.037825234,-0.0330225,0.2588067,0.047919106,-0.008062227,-0.0017806886,0.3629616299836915,0.4014125941773436,88.65654716648444
1729563623154033,-0.020843407,-0.07521189,0.21643427,-0.037460566,-0.033107273,0.25881886,0.04558358,-0.010596587,0.0015199183,0.36249904773934444,0.40139722587456095,88.65828962949519
1729563623162033,-0.019950995,-0.075074576,0.21605533,-0.037128,-0.03318455,0.25886104,0.04157051,-0.009659678,0.0052712853,0.3620008151879725,0.40140122803674116,88.66007266348979
1729563623170033,-0.019086726,-0.07494976,0.21575545,-0.03680664,-0.03326471,0.2589082,0.040170267,-0.010020099,0.005897134,0.36170333217381173,0.40135843158259576,88.66186633946475
1729563623186033,-0.017439375,-0.074736565,0.21536992,-0.0361764,-0.033458605,0.25907147,0.039390054,-0.012118368,0.010203569,0.360976430872549,0.40114621026653186,88.66544979816528
1729563623194033,-0.016654873,-0.07464767,0.21528071,-0.035896197,-0.03355982,0.25915927,0.03502518,-0.012652016,0.010974704,0.36053764770652447,0.4011284406670207,88.66720567792058
1729563623202033,-0.015895741,-0.07457025,0.21525814,-0.035638776,-0.033673227,0.2592657,0.03217766,-0.01417566,0.013303011,0.36014955238653984,0.4011199294024036,88.66906398536234
1729563623210033,-0.015161386,-0.07450387,0.21530063,-0.035404086,-0.03380131,0.25939208,0.029336194,-0.016010366,0.015798956,0.35978907664409315,0.4011089634784116,88.67080263543197
1729563623218033,-0.01446029,-0.074466005,0.21540664,-0.03517585,-0.033931416,0.25953645,0.028529668,-0.01626322,0.018045306,0.3593494130285066,0.40102112936268447,88.67264045770759
1729563623234033,-0.013127784,-0.07442156,0.21580726,-0.034777883,-0.034210656,0.25984666,0.02487283,-0.01745252,0.019388273,0.3585962848620149,0.400849943555397,88.6767022303057
1729563623242033,-0.012495225,-0.07441455,0.21609643,-0.034584343,-0.03434617,0.26001704,0.024192499,-0.01693936,0.021297483,0.35832905239954327,0.4008625370248885,88.67877253811186
1729563623250033,-0.011884344,-0.074417315,0.21644273,-0.034402885,-0.03448297,0.26018032,0.02268236,-0.017100014,0.020410864,0.35792690167521474,0.4008680866894163,88.68074351700731
1729563623266033,-0.010182677,-0.074173845,0.21602115,-0.03382322,-0.034716975,0.26029238,0.036229145,-0.014625256,0.0070035453,0.3571446650880041,0.4007235019210465,88.68477130300896
1729563623274033,-0.009102819,-0.07393469,0.2152828,-0.033431977,-0.034833398,0.26021716,0.04890514,-0.014552846,-0.009402633,0.3565858728261803,0.4007571467617329,88.68745284392942
1729563623282033,-0.008054121,-0.07371182,0.21462753,-0.033062413,-0.034946363,0.26016203,0.04619546,-0.014120712,-0.0068917866,0.35595298863757174,0.40077238165791784,88.68997724995775
1729563623290033,-0.007042126,-0.073510736,0.21406001,-0.03271522,-0.03508315,0.26012856,0.043399163,-0.017098151,-0.004183501,0.3554907800153805,0.4008048792123966,88.69263155508672
1729563623306033,-0.005106031,-0.07315433,0.21315907,-0.032050267,-0.035311334,0.26013142,0.04155957,-0.0142615745,0.00017881392,0.3543101493035286,0.40071755204043197,88.69792301599432
1729563623314033,-0.0041806824,-0.07299817,0.21282189,-0.031762756,-0.035437718,0.2601647,0.035938807,-0.015798025,0.0041611493,0.3537408182089158,0.40077838490073053,88.70050554323271
1729563623322033,-0.0032829903,-0.07285625,0.21255761,-0.03148233,-0.03555172,0.2602026,0.03505312,-0.014250166,0.004734844,0.3532172976543117,0.4007501029568514,88.70301629284951
1729563623330033,-0.002412302,-0.07272814,0.21236436,-0.031214582,-0.03566084,0.26024878,0.033468705,-0.0136401495,0.0057741995,0.35263897520545356,0.400649328521766,88.70535306734969
1729563623338033,-0.0015679603,-0.072613426,0.21224035,-0.03094806,-0.03576351,0.2603196,0.03331527,-0.012833624,0.00885129,0.3520512611911898,0.4007277975747664,88.70772716747378
1729563623354033,3.271969e-05,-0.07244558,0.21220134,-0.030483581,-0.036010478,0.26049033,0.029029906,-0.015435507,0.010671093,0.3511241492912984,0.40067478227093983,88.71230465250787
1729563623362033,0.0007902127,-0.07239156,0.21227874,-0.030290836,-0.03614571,0.26059306,0.02409308,-0.01690397,0.012841075,0.3506120213619142,0.40065007559197124,88.71489059398286
1729563623370033,0.0015237744,-0.0723495,0.21241848,-0.030096957,-0.03628859,0.26070166,0.024234874,-0.017859973,0.013574957,0.3501277955132715,0.40072721059102817,88.71735346696082
1729563623378033,0.002233985,-0.072319105,0.21261904,-0.029916916,-0.036427792,0.26083744,0.022505175,-0.017400365,0.016972423,0.34949349717454636,0.4008383906480204,88.71981307854968
1729563623394033,0.0033184218,-0.07270435,0.21229193,-0.029809462,-0.03697705,0.26094025,0.006715883,-0.03432855,0.0064261253,0.34879756667279954,0.4009224360484763,88.72449982230249
1729563623402033,0.003830799,-0.07290765,0.21223077,-0.029757103,-0.037250016,0.2609922,0.006544869,-0.034120865,0.0064931805,0.3485066682359973,0.40117246444966403,88.72677483171381
1729563623410033,0.0043238397,-0.07311754,0.21223916,-0.02973341,-0.03751877,0.2610668,0.0029616056,-0.033594202,0.009324402,0.34822764856761623,0.40128463171269396,88.72900894503768
1729563623426033,0.005260148,-0.07356575,0.21244659,-0.029677657,-0.038104516,0.26124546,0.0034845432,-0.036609124,0.011166557,0.34768608597114226,0.4016527772742381,88.73331654615791
1729563623434033,0.0057042525,-0.073803835,0.21264264,-0.029631251,-0.03840183,0.26137617,0.005800742,-0.037164427,0.016339123,0.3475156503554536,0.40193594360271573,88.73568715771093
1729563623442033,0.0061305077,-0.07404843,0.21289831,-0.029607099,-0.03868949,0.2615155,0.0030191147,-0.035957433,0.017415732,0.3472964159296739,0.40216500070308403,88.73795200000006
1729563623450033,0.0065392354,-0.074299365,0.21321215,-0.029592324,-0.038979013,0.2616524,0.0018468125,-0.036190264,0.017113984,0.34707704209794715,0.4023661760766764,88.74023717813238
1729563623466033,0.007305267,-0.07481987,0.2140094,-0.029583594,-0.03954952,0.26197127,0.0005456386,-0.035656616,0.019928439,0.3467314750110178,0.4028211419398687,88.74466101760264
1729563623474033,0.0076632905,-0.075089276,0.2144902,-0.029583901,-0.03983397,0.2621382,-3.8417053e-05,-0.0355565,0.02086535,0.3464676038938357,0.40306575413859896,88.74666621877293
1729563623482033,0.008005069,-0.07536461,0.21502365,-0.029589009,-0.040112972,0.26234153,-0.00063842157,-0.034875236,0.025417654,0.346223529767507,0.40336954499685773,88.7485208149569
1729563623490033,0.008330953,-0.075645804,0.21560867,-0.029598147,-0.040404104,0.26255998,-0.0011422671,-0.03639143,0.027306376,0.34606560123791186,0.40371693276541354,88.7503279087774
1729563623506033,0.00903646,-0.07627804,0.2169285,-0.02951682,-0.04101232,0.26303393,0.0050829253,-0.03801356,0.029621644,0.34566098987774596,0.4041386007035009,88.75498036219071
1729563623514033,0.010007975,-0.07636705,0.21642895,-0.029282585,-0.0411752,0.26299006,0.029279383,-0.020360107,-0.005483627,0.34551043122038233,0.4043583728461952,88.75794537385931
1729563623522033,0.010948891,-0.07646573,0.2160072,-0.029072072,-0.04133615,0.26297528,0.026314052,-0.020118428,-0.0018477439,0.34534581187841024,0.4044541312819675,88.76084892695964
1729563623530033,0.011859924,-0.07657382,0.2156664,-0.028864976,-0.041495625,0.26296273,0.02588704,-0.019934492,-0.0015683471,0.34518644861048287,0.40456765932584166,88.76369436196885
1729563623546033,0.013595356,-0.07681743,0.2152039,-0.028479556,-0.041837633,0.2629993,0.024088774,-0.021375481,0.0022854656,0.3447581981548471,0.40484935829562274,88.76891390014146
1729563623554033,0.014421331,-0.076952524,0.21507849,-0.028283203,-0.042010255,0.26303217,0.024544073,-0.02157781,0.004108995,0.34455092263279535,0.40489359554711757,88.7715032562783
1729563623562033,0.015220451,-0.07709621,0.21502125,-0.028111635,-0.04219798,0.26309106,0.021446029,-0.023465602,0.007361173,0.3443805936167412,0.40493182955297674,88.77397979091127
1729563623570033,0.015982145,-0.077250704,0.21503058,-0.027970554,-0.042380027,0.26317257,0.017635059,-0.022755934,0.010188668,0.3442535138659927,0.405061152810698,88.77635055219025
1729563623586033,0.017429916,-0.07758377,0.21524478,-0.027695451,-0.042754177,0.26338977,0.01719396,-0.023384344,0.013574957,0.3438290519991951,0.4052770829008638,88.78095171980114
1729563623594033,0.01811724,-0.077762015,0.21544653,-0.02756494,-0.042939357,0.2635403,0.016313978,-0.023147555,0.018816441,0.3437205481343336,0.405224974724618,88.78315161511964
1729563623602033,0.01878105,-0.07794782,0.21570854,-0.027451323,-0.043144558,0.26369044,0.01420197,-0.025650019,0.018768013,0.34360931045850335,0.40533412707985206,88.7853788980479
1729563623610033,0.019421892,-0.07814081,0.21602912,-0.027346993,-0.043353725,0.26384065,0.013041309,-0.026145948,0.018775463,0.34354666437389947,0.40539688101342214,88.7874728016815
1729563623626033,0.020636903,-0.078548096,0.21684034,-0.027178649,-0.043735307,0.26420996,0.010521499,-0.023848841,0.023081897,0.34318114615365525,0.40532318783127785,88.79145588849784
1729563623634033,0.021229621,-0.07874811,0.21732816,-0.027079301,-0.043909386,0.26439747,0.012418487,-0.021759884,0.023439525,0.34313939098963125,0.4053999493392682,88.79339614340934
1729563623642033,0.022109922,-0.07870918,0.21723121,-0.026911486,-0.043972816,0.26445204,0.020976875,-0.007928815,0.006821006,0.3430743703277385,0.4054933598510159,88.79516197541606
1729563623650033,0.022962054,-0.07868205,0.21720506,-0.026755093,-0.044040613,0.2645294,0.01954916,-0.00847457,0.009670854,0.34287179064607815,0.4054583809360364,88.79677117463636
1729563623666033,0.024584588,-0.0786619,0.21734868,-0.026469596,-0.0441694,0.26468056,0.017843558,-0.008049188,0.009447336,0.34247238807506797,0.4052382352282186,88.79957200880428
1729563623674033,0.025356371,-0.07866829,0.2175149,-0.026335763,-0.04425041,0.2647607,0.016729115,-0.010126269,0.010017305,0.3422687349239118,0.40507758836412744,88.80095891148716
1729563623682033,0.02610266,-0.078685306,0.21774195,-0.026211875,-0.044323683,0.26486158,0.015486031,-0.009159092,0.012610107,0.342155375263823,0.4049267601453507,88.80221948004277
1729563623690033,0.026824139,-0.07871262,0.21802846,-0.026070667,-0.044386443,0.26498276,0.017650891,-0.007844996,0.015147029,0.34208008256257794,0.40488503091638106,88.80335684347055
1729563623706033,0.028208153,-0.07879099,0.21877459,-0.025823377,-0.044551242,0.26529914,0.015455646,-0.010299961,0.019773839,0.3418340668900844,0.40475165213545616,88.80559785386332
1729563623714033,0.028871546,-0.07884157,0.21923152,-0.025704447,-0.04462169,0.2654643,0.014866236,-0.008806121,0.020645557,0.34171629864515085,0.404571688170671,88.80664999892818
1729563623722033,0.02951215,-0.07890159,0.21974237,-0.025613055,-0.044714604,0.26564592,0.011424067,-0.011614057,0.022701917,0.3415859434655882,0.40447120718035706,88.80767817177563
1729563623730033,0.03013056,-0.07897087,0.22030574,-0.02550329,-0.044797365,0.26581484,0.013720476,-0.01034513,0.021114944,0.3415122782820401,0.40440989403286903,88.8085800103277
1729563623746033,0.031303063,-0.079136334,0.22158524,-0.025316482,-0.044999763,0.26623124,0.0116755245,-0.012649921,0.026024876,0.34143627153205525,0.404258425480333,88.81010014667343
1729563623754033,0.031858142,-0.0792322,0.22229886,-0.025249405,-0.04510821,0.26644525,0.008384697,-0.013555865,0.026751308,0.34138285693844644,0.40421133335562676,88.8107354458398
1729563623762033,0.03227297,-0.07895439,0.22226907,-0.025227256,-0.04498403,0.26643968,0.002768589,0.015522352,-0.0006966292,0.34133216376713993,0.4041987131998737,88.81130928506656
1729563623770033,0.032670863,-0.07869235,0.22230688,-0.025214203,-0.044888053,0.26645687,0.001631677,0.0119972965,0.0021494925,0.3411998876112633,0.4039787009316927,88.81129911258147
1729563623786033,0.03335736,-0.07819819,0.2225732,-0.025252229,-0.044705845,0.26655978,-0.0023766188,0.011387979,0.0064317132,0.34112025232043697,0.4032575111106069,88.81099522706265
1729563623794033,0.033647493,-0.07796544,0.22279853,-0.025309814,-0.04461381,0.26663083,-0.0071981917,0.011504627,0.008881092,0.34108522702329064,0.40298093496458176,88.80973138689322
1729563623802033,0.03392293,-0.07774717,0.22308317,-0.025353659,-0.044540256,0.26670846,-0.0054806,0.009194016,0.009704381,0.34113058406554453,0.40261102839152046,88.80832748375852
1729563623810033,0.034183916,-0.077542745,0.2234257,-0.025426392,-0.044476844,0.26680773,-0.009091571,0.007926486,0.012408941,0.3412040954965823,0.4022727922819518,88.80702259942855
1729563623826033,0.034663774,-0.077175245,0.22427773,-0.025538646,-0.0443666,0.2670238,-0.0070158853,0.006890157,0.013504176,0.34127629956789357,0.40157134661229194,88.80416016256243
1729563623834033,0.034883305,-0.077011466,0.22478457,-0.02561546,-0.04431863,0.26715693,-0.009601703,0.00599632,0.016640872,0.34126029754201187,0.4012141936596126,88.80268462805711
1729563623842033,0.035089467,-0.07686054,0.22534381,-0.025692891,-0.04426919,0.26729742,-0.009679003,0.006180256,0.017561018,0.34125181944886307,0.400908615249231,88.80110644663988
1729563623850033,0.035282508,-0.076722145,0.22595415,-0.025792662,-0.044227105,0.2674559,-0.01247134,0.005260575,0.019811092,0.34133132765388013,0.40064690054359947,88.79961384051303
1729563623866033,0.03564712,-0.07650277,0.22732335,-0.025946567,-0.04418803,0.26780915,-0.009619049,0.0024421606,0.022077931,0.3412329092403831,0.40012440499510615,88.79675126180403
1729563623874033,0.03581077,-0.07641063,0.22807978,-0.026022568,-0.044185296,0.26801044,-0.009500189,0.00034179536,0.025160609,0.3411937217757908,0.3998008969422648,88.79540206214294
1729563623882033,0.03596224,-0.07632981,0.22888258,-0.026123617,-0.044183757,0.2682086,-0.0126310615,0.0001923181,0.024769453,0.3411864709956793,0.39960596500334244,88.79396735841173
1729563623890033,0.03606666,-0.07606419,0.2282522,-0.026104508,-0.044091307,0.26809326,0.0023886096,0.011556315,-0.0144168725,0.3411997846158205,0.39931807620520837,88.79249516801204
1729563623906033,0.03624907,-0.075576805,0.227234,-0.026081825,-0.04390795,0.26790676,0.0014177057,0.0114596905,-0.011656432,0.3407590668485301,0.3984795434407798,88.78980686891684
1729563623914033,0.036327455,-0.075354315,0.22684199,-0.026073128,-0.043815657,0.2678493,0.0010870863,0.011536757,-0.007182359,0.3405649985475941,0.3980676677470746,88.78850547182198
1729563623922033,0.036397412,-0.07514541,0.22652543,-0.026094098,-0.043720648,0.26781833,-0.0026212072,0.011876225,-0.0038705764,0.34038675185661965,0.3976941594513168,88.78700930884602
1729563623930033,0.036438778,-0.07497187,0.22628254,-0.026150925,-0.043653127,0.2678029,-0.0071034296,0.008440111,-0.0019297003,0.3402675493419825,0.39743634028395686,88.78560206533334
1729563623946033,0.03649767,-0.074662715,0.22601187,-0.026261754,-0.04353541,0.26778147,-0.0069268276,0.007357215,-0.0013392417,0.3399014445956295,0.39678796366774627,88.78334768678221
1729563623954033,0.03651563,-0.07452666,0.22598039,-0.026302703,-0.043504514,0.26780984,-0.0051185484,0.0038621945,0.0035464761,0.3397704492884457,0.39640693136949035,88.78213150543235
1729563623962033,0.036526244,-0.07440274,0.2260152,-0.026348503,-0.043469306,0.26784375,-0.005725072,0.004400965,0.0042393804,0.33970994412683503,0.3960605044285721,88.7810317768688
1729563623970033,0.03652968,-0.07429052,0.22611457,-0.026391054,-0.04342089,0.26789442,-0.0053187828,0.0060521993,0.006332993,0.33957051777361674,0.3957329410135438,88.78000702007678
1729563623986033,0.036515847,-0.07410007,0.22650065,-0.026475815,-0.043324392,0.26804668,-0.005297595,0.0060310117,0.009516254,0.3393576195302238,0.39504915876309443,88.7779438490405
1729563623994033,0.036498833,-0.0740213,0.22678426,-0.026531696,-0.043289497,0.26815414,-0.0069851517,0.0043618493,0.013433396,0.33922891881064404,0.39474953045741223,88.77706249709865
1729563624002033,0.036463138,-0.0739415,0.22712629,-0.026588935,-0.043250814,0.26826745,-0.007154885,0.004835427,0.014163553,0.33908412970670937,0.3944659374788354,88.77614373262841
1729563624010033,0.03665605,-0.07344,0.2262493,-0.026532201,-0.04300059,0.26810864,0.007091788,0.031278003,-0.01985207,0.3389226385662806,0.3941085447041857,88.77489696743902
1729563624026033,0.037009835,-0.072495095,0.22475603,-0.026395585,-0.042542573,0.2678467,0.008538482,0.02862606,-0.016370788,0.33833669243689657,0.3932209193261442,88.77217452688143
1729563624034033,0.03717108,-0.07205069,0.2241353,-0.026365044,-0.04231873,0.2677522,0.0038177238,0.027980188,-0.011812895,0.3380756092326421,0.39274639678015,88.77085605985538
1729563624042033,0.03732209,-0.071624435,0.22359554,-0.026338246,-0.042118307,0.26766995,0.0033497342,0.025053041,-0.0102818,0.33773783952023245,0.39227459572837536,88.76958190672714
1729563624050033,0.037463102,-0.071215816,0.22313473,-0.026326599,-0.041903555,0.26760742,0.0014558899,0.026843974,-0.007815659,0.33742566307750266,0.3918203241532443,88.76834226450032
1729563624066033,0.037715744,-0.07044967,0.22244573,-0.026314309,-0.041507885,0.26754254,0.00076810824,0.024729406,-0.0040549785,0.33687336141098145,0.39106845218883857,88.76604335594224
1729563624074033,0.03782785,-0.07009148,0.22221376,-0.026303569,-0.04134637,0.26754448,0.0013425014,0.020189209,0.00024214385,0.3366212430882391,0.3906365927581228,88.76481707816309
1729563624082033,0.0379311,-0.069761835,0.2220531,-0.026277872,-0.041194864,0.26755702,0.0032121313,0.018938445,0.0015683471,0.3363064988478422,0.39014395392887846,88.76366242874892
1729563624090033,0.038025394,-0.06944782,0.22196198,-0.026296128,-0.04106243,0.26760927,-0.0022819731,0.016554259,0.0065304334,0.3360833490741171,0.38982546230078047,88.76282902568617
1729563624106033,0.03818746,-0.06886536,0.22198172,-0.026325837,-0.04080502,0.26775348,-0.0018568243,0.016088132,0.00901334,0.33570545859365847,0.3892858382034237,88.76102891164811
1729563624114033,0.038255807,-0.06859614,0.22208922,-0.026331395,-0.04068512,0.26784465,-0.0006947666,0.014987308,0.011395662,0.33554044585951837,0.3890088089459952,88.76025006500096
1729563624122033,0.038316045,-0.06834107,0.22225964,-0.026328305,-0.04055761,0.2679514,0.000386266,0.015938655,0.013343989,0.33534066834025267,0.38865819338820884,88.75950209557287
1729563624130033,0.03836835,-0.0680999,0.22249208,-0.026336694,-0.04046405,0.26807782,-0.0010486692,0.011695082,0.015802681,0.3350976949737601,0.3882049625688855,88.75879843914696
1729563624146033,0.03869616,-0.067399815,0.22137283,-0.026310073,-0.040135447,0.2679988,0.0016638077,0.020537756,-0.004937872,0.3347064910371907,0.38753985765823956,88.7573090334182
1729563624154033,0.038845588,-0.06707459,0.2209329,-0.026313245,-0.039974153,0.26799074,-0.00039651056,0.020161735,-0.0010095537,0.3344879838133967,0.3872324654392267,88.75656121259142
1729563624162033,0.03898467,-0.06676452,0.22057003,-0.026318602,-0.039820127,0.26799846,-0.0006696209,0.019253232,0.0009648501,0.33424188888545064,0.38686421379112673,88.75595301038145
1729563624170033,0.039113685,-0.06646928,0.22028236,-0.026314689,-0.03968149,0.26803946,0.0004891772,0.017329585,0.005125999,0.3339859221596972,0.3865011916415723,88.75538615132574
1729563624186033,0.039342597,-0.06592241,0.21992871,-0.02632053,-0.039428603,0.26817986,-0.00036507842,0.015805475,0.008774921,0.3335052583996427,0.3857992403602233,88.75421465299183
1729563624194033,0.03944283,-0.06567021,0.21985918,-0.026331943,-0.039335717,0.26828948,-0.0014265532,0.011610798,0.013701617,0.3333436342545893,0.38552693375916813,88.75372268752423
1729563624202033,0.039533764,-0.06543185,0.21985784,-0.026361616,-0.039229613,0.26840538,-0.0037092248,0.013262964,0.014487653,0.3331049299313224,0.38530910982941813,88.75330940097156
1729563624210033,0.039615575,-0.06520659,0.21992297,-0.026387487,-0.03912087,0.26854387,-0.0032337846,0.013592652,0.017311424,0.33298932981361856,0.3850736497450345,88.75289952881246
1729563624218033,0.039688457,-0.064994484,0.22005308,-0.026418231,-0.03902601,0.2687081,-0.0038431024,0.011857598,0.020530073,0.33283683046873497,0.3848080401052435,88.75245551306638
1729563624234033,0.039819658,-0.064593956,0.22050163,-0.026468726,-0.038814705,0.26904783,-0.0031559027,0.013206619,0.02123229,0.33241725855910786,0.38424386978276165,88.75169381303793
1729563624242033,0.03987243,-0.064412504,0.2208171,-0.026515638,-0.038724385,0.26925164,-0.005864072,0.011289957,0.025477258,0.3323236166017742,0.3840640663475471,88.75129403522475
1729563624250033,0.03991681,-0.06424315,0.22119142,-0.026556706,-0.03861727,0.2694619,-0.0051334496,0.013389624,0.026281921,0.3320886743223912,0.38387593843622336,88.75096625668107
1729563624266033,0.04029351,-0.06411358,0.22133231,-0.026553014,-0.03850993,0.2697115,0.00023073515,0.006708549,0.015599652,0.3317219033309073,0.3835180391705952,88.75025584665813
1729563624274033,0.040618636,-0.064148694,0.22111574,-0.026502063,-0.03848787,0.26978096,0.006368849,0.002757646,0.008683652,0.33146505633335654,0.3834198530022327,88.75014651270847
1729563624282033,0.04092879,-0.064190954,0.22097176,-0.02648777,-0.03848093,0.26989278,0.0017867422,0.0008675269,0.013977288,0.331195475778623,0.3833769232349519,88.74996889159654
1729563624290033,0.041224245,-0.064240225,0.22089843,-0.026463436,-0.03846977,0.2699826,0.0030416993,0.0013951211,0.011228024,0.3309906826078435,0.38326939871001614,88.74989362671066
1729563624306033,0.041747183,-0.06435232,0.2209585,-0.026450813,-0.038466126,0.27024004,0.0007889466,0.00022770835,0.016089529,0.33064677692146405,0.38300381580731085,88.74953845899344
1729563624314033,0.041988444,-0.06441859,0.22108865,-0.026437698,-0.038457166,0.27038696,0.0016393604,0.0011199154,0.018365681,0.3304610800953597,0.382979802887038,88.7492754789614
1729563624322033,0.04221658,-0.064491495,0.22128268,-0.026457993,-0.03845962,0.2705515,-0.0025369225,-0.00030687076,0.020567326,0.3303780234523563,0.3829511474689338,88.74881773150871
1729563624330033,0.04243177,-0.06457102,0.22153905,-0.026477471,-0.03846776,0.2707281,-0.00243471,-0.0010174699,0.022076068,0.3302890240321419,0.3828885271095925,88.74840451986984
1729563624338033,0.042634398,-0.06465697,0.22185622,-0.026494391,-0.038458813,0.27090782,-0.0021150336,0.0011185184,0.022463499,0.33011725446610585,0.38291542158001624,88.74819609498971
1729563624354033,0.043003425,-0.06484773,0.2226671,-0.026504818,-0.03847062,0.2713257,-0.0006516929,-0.00073784025,0.026118008,0.3297009040099889,0.38298585947914493,88.74746504990671
1729563624362033,0.043161996,-0.064926736,0.22315785,-0.026530875,-0.03845219,0.27154732,-0.0032570676,0.0023036264,0.027701257,0.3294466984671382,0.38298679331493274,88.74713712258446
1729563624370033,0.043309316,-0.06501204,0.22370237,-0.026570216,-0.03842954,0.2717882,-0.0049176156,0.0028312204,0.03011152,0.3292285046691285,0.38302326627278116,88.74630698651589
1729563624386033,0.043985058,-0.064966515,0.22412147,-0.026379772,-0.03837574,0.27212116,0.011902767,0.00336254,0.02080947,0.328890415394479,0.3830559238445343,88.74469117555942
1729563624394033,0.044506248,-0.064841166,0.22401464,-0.02617354,-0.038318913,0.27222657,0.025779007,0.007103197,0.013176351,0.32833709387095256,0.3830151018798623,88.7443734912817
1729563624402033,0.04500965,-0.06472738,0.22397831,-0.025982508,-0.03827529,0.27233306,0.023878876,0.005452893,0.013310461,0.32777507448131926,0.38297337276062077,88.7439841805143
1729563624410033,0.045495715,-0.064624585,0.22401057,-0.025800645,-0.03824133,0.27243268,0.022732884,0.0042449683,0.012453645,0.3273100657082091,0.38286173936334156,88.74357764830333
1729563624418033,0.04596488,-0.06453283,0.22410958,-0.025621125,-0.038189217,0.2725434,0.022439983,0.0065141353,0.0138394525,0.3269022868065201,0.3827697698805852,88.74328037524141
1729563624434033,0.04684604,-0.06438021,0.22450307,-0.025304846,-0.038106605,0.27284813,0.019767437,0.005163252,0.019045547,0.3259924592818196,0.38266952928213904,88.74256989103597
1729563624442033,0.04725879,-0.06431887,0.22479367,-0.025184298,-0.038066596,0.2730159,0.0150685655,0.0050012018,0.020969657,0.3254747830463379,0.38272750714210363,88.74206760709095
1729563624450033,0.04765621,-0.06426765,0.22514471,-0.025051588,-0.03805811,0.27318817,0.016588718,0.0010607764,0.021535901,0.32501046800390365,0.3827176351640792,88.74164400303385
1729563624466033,0.04840683,-0.064194754,0.22602224,-0.024798673,-0.03802803,0.27357936,0.01580722,0.0018798745,0.024449078,0.3242806810672492,0.38265232002327426,88.74088579301893
1729563624474033,0.048760768,-0.064172626,0.22654587,-0.024685588,-0.038024817,0.27380103,0.014135613,0.00040186566,0.027708707,0.32388656268719995,0.3826003453936099,88.74045194594665
1729563624482033,0.04910088,-0.06415983,0.22712432,-0.024586812,-0.038031008,0.2740339,0.012347008,-0.000773929,0.029109417,0.3234732609754091,0.3825832695399901,88.74007629291367
1729563624490033,0.049427554,-0.06415617,0.22775368,-0.024469567,-0.038040306,0.27425817,0.014655524,-0.0011622906,0.028032808,0.3231357781126389,0.3826756392360699,88.73965602812119
1729563624506033,0.050036557,-0.06421028,0.22916763,-0.024294043,-0.03810326,0.27476686,0.0109702805,-0.003934605,0.03179349,0.32243800786763926,0.38287673409778644,88.73868924280455
1729563624514033,0.05068989,-0.06344805,0.2290803,-0.023971785,-0.037697732,0.27482253,0.04028226,0.050690953,0.006958842,0.32201122498381857,0.38287379918534853,88.73886678866424
1729563624522033,0.051324353,-0.0627101,0.22906338,-0.023640953,-0.037308473,0.27490813,0.04135398,0.04865741,0.010699033,0.3213354545650692,0.38234927698677934,88.73865851371593
1729563624530033,0.051940568,-0.06199581,0.22911508,-0.0233247,-0.0369242,0.27501103,0.039531615,0.048034355,0.0128634265,0.32066541306026064,0.38192334118564797,88.73852891905327
1729563624546033,0.0531199,-0.060635637,0.22941771,-0.02273506,-0.036202546,0.27529287,0.03685255,0.045103252,0.017615035,0.3193519308262894,0.3808835285680648,88.73825562128758
1729563624554033,0.053683802,-0.059988573,0.22966546,-0.022456694,-0.035859656,0.27545816,0.03479561,0.042861324,0.020660458,0.3186480051746405,0.38029270417042704,88.73810212632397
1729563624562033,0.054231036,-0.05936282,0.22997539,-0.022185896,-0.03553948,0.27561525,0.03384985,0.04002172,0.019636003,0.3180155302462553,0.37983576513412876,88.73792458058982
1729563624570033,0.05476207,-0.058757905,0.23034576,-0.021920448,-0.03524118,0.2757854,0.033180926,0.037287828,0.02126768,0.3173345767376455,0.37938699051146063,88.73789043718219
1729563624586033,0.055784393,-0.05761969,0.23126216,-0.021416815,-0.034673892,0.27616286,0.03147707,0.03545545,0.023592262,0.31613398085956707,0.3784757539785261,88.73765818679708
1729563624594033,0.0562726,-0.05707959,0.23180537,-0.021166967,-0.034399126,0.27639344,0.03123097,0.03434578,0.02882257,0.3155890107289039,0.3779480570074567,88.73771972015747
1729563624602033,0.056745972,-0.056558173,0.23240344,-0.020943906,-0.03414565,0.27661774,0.027882632,0.031684525,0.028036533,0.3150544806239103,0.37745365796313607,88.73784627643096
1729563624610033,0.057204764,-0.05605462,0.23305167,-0.02071866,-0.033895645,0.27687022,0.028155742,0.03125053,0.03156066,0.31447448684535567,0.37697043828755944,88.73795553531528
1729563624626033,0.05808026,-0.055100296,0.234504,-0.020289557,-0.033438724,0.27740553,0.026818946,0.028557608,0.033456832,0.31326308598979463,0.37595784088525336,88.73809233456696
1729563624634033,0.058497597,-0.054648735,0.23530553,-0.020091524,-0.03321724,0.2776788,0.024754087,0.027685424,0.034157187,0.312732238102046,0.37547091263365817,88.73824969502459
1729563624642033,0.058629964,-0.054102972,0.2349584,-0.019945482,-0.0328853,0.27771923,0.01825532,0.04149228,0.0050552185,0.31223345229996496,0.37507726117819407,88.73832139615871
1729563624650033,0.058756582,-0.053574633,0.23468946,-0.01981007,-0.032572206,0.27778348,0.016926555,0.03913697,0.008031726,0.3117518035559111,0.37448392916158124,88.73844802749757
1729563624666033,0.058992792,-0.052568544,0.23437923,-0.01955115,-0.03200204,0.27795884,0.016182428,0.035635427,0.010959803,0.3107270875377637,0.3732320302217878,88.7389606294543
1729563624674033,0.05910261,-0.05209019,0.23433413,-0.0194364,-0.031733856,0.27807808,0.014343764,0.033522956,0.014904886,0.31031630268094346,0.37256986137403647,88.7391756577113
1729563624682033,0.05920688,-0.051627815,0.23435965,-0.019323962,-0.031480204,0.2782243,0.014054821,0.03170641,0.018276274,0.30995690472257786,0.37205102284755154,88.73948317375229
1729563624690033,0.059305657,-0.051181175,0.23445413,-0.01922022,-0.031236324,0.27838787,0.012967735,0.03048498,0.020448117,0.3095416643360186,0.37147780849944745,88.73974645355368
1729563624706033,0.05948655,-0.0503335,0.2348427,-0.019062432,-0.030759836,0.27870598,0.009861774,0.029780552,0.019881872,0.3087301987480173,0.37034701497122785,88.74015306044109
1729563624714033,0.059572514,-0.049924273,0.23513329,-0.018994618,-0.030539569,0.27889666,0.008476665,0.027533386,0.023834405,0.3083115700999098,0.3698604605637381,88.74040936121096
1729563624722033,0.059652902,-0.049529646,0.2354861,-0.018931763,-0.03032329,0.279093,0.00785687,0.027034895,0.02454221,0.3079447202265524,0.36933575238033123,88.7404982091322
1729563624730033,0.05972767,-0.049149286,0.23589715,-0.01888383,-0.030117873,0.2793012,0.0059916633,0.025677027,0.026024876,0.3076001036538798,0.36882905388887843,88.74056998534668
1729563624746033,0.05986012,-0.048430465,0.23689523,-0.018825617,-0.029737435,0.27974632,0.0036383278,0.023777362,0.027820466,0.3070292357103681,0.3677974072047547,88.740761638736
1729563624754033,0.059917975,-0.048091386,0.23747925,-0.018794293,-0.029554814,0.2799853,0.003915513,0.022827646,0.029873101,0.30674115544482505,0.36736488191059846,88.74087082256551
1729563624762033,0.059384655,-0.047639336,0.23765051,-0.019053381,-0.02943773,0.28009644,-0.032386042,0.0146355005,0.013891607,0.306514405498643,0.3669754997717662,88.74097325277522
1729563624770033,0.05885829,-0.047204807,0.23788643,-0.019314475,-0.029326309,0.28022307,-0.032636803,0.013927695,0.015828758,0.3065292399075574,0.3666382789513729,88.74079942162234
1729563624786033,0.05782551,-0.046368062,0.23854294,-0.01979124,-0.029088067,0.2804805,-0.029797781,0.014890101,0.016089529,0.30662540516259407,0.3660956413448976,88.74029706338077
1729563624794033,0.057318658,-0.04596521,0.23896028,-0.0200295,-0.028967144,0.28062534,-0.02978253,0.015115364,0.01810491,0.3067142065623125,0.3657933993094713,88.7396959896082
1729563624802033,0.056817703,-0.045578536,0.23943597,-0.020258151,-0.028865203,0.28079808,-0.028581357,0.012742587,0.02159178,0.30674734385180186,0.36559772107621585,88.73912230581367
1729563624810033,0.0563224,-0.045207467,0.2399686,-0.020482717,-0.028769422,0.28098467,-0.028070759,0.011972616,0.02332404,0.30681457893129455,0.36540423068668537,88.73846971655111
1729563624826033,0.055347696,-0.04451176,0.241199,-0.020955434,-0.028593758,0.28133997,-0.02954481,0.010979012,0.022206454,0.306991239476656,0.36502896286503406,88.7372741726358
1729563624834033,0.05486767,-0.044186484,0.24189383,-0.0211733,-0.02850852,0.28153616,-0.027233267,0.010654795,0.024523584,0.30707194824404127,0.3648509207678545,88.73667309932608
1729563624842033,0.05439228,-0.043875802,0.24264015,-0.02140457,-0.028433453,0.28175074,-0.028908717,0.009383308,0.026822088,0.30713803605034484,0.3646954240912279,88.736109357817
1729563624850033,0.05392128,-0.04357945,0.24343108,-0.021623483,-0.028364679,0.28198162,-0.027364118,0.008596806,0.028859822,0.3072504947095761,0.36455124014707857,88.7354875725685
1729563624866033,0.052987948,-0.043021925,0.24515927,-0.022061048,-0.028256284,0.28246242,-0.02734782,0.006774673,0.030050052,0.30765897442223494,0.3643017197517769,88.73398800251458
1729563624874033,0.05252702,-0.04276367,0.24609429,-0.022297455,-0.028198395,0.28272983,-0.029550863,0.007236143,0.03342703,0.30783429251792804,0.3642783205448302,88.73324345227795
1729563624882033,0.0520696,-0.042518634,0.24707517,-0.022523237,-0.028142778,0.2830154,-0.028222797,0.0069520897,0.03569573,0.3080440819162922,0.3642300013160825,88.73238266397586
1729563624890033,0.051776115,-0.042414967,0.24765657,-0.022793686,-0.028090877,0.2831611,-0.033806078,0.0064875926,0.018212944,0.3082895616150316,0.3642312019595325,88.73161398694634
1729563624906033,0.05118232,-0.04223449,0.24897496,-0.023333974,-0.028018536,0.2834762,-0.03376801,0.0045213383,0.019693745,0.3090894904340948,0.3640655131649431,88.7296021172336
1729563624914033,0.050881956,-0.042157326,0.2497094,-0.023600575,-0.027959729,0.28365067,-0.03332505,0.0073509286,0.021807848,0.30939551664501685,0.3641141258834265,88.72861143334758
1729563624922033,0.050609075,-0.042093553,0.25049433,-0.023845125,-0.027915813,0.28384942,-0.030568799,0.0054894476,0.02484396,0.3097177830881882,0.36420756262407955,88.72761741090902
1729563624930033,0.050333515,-0.042037975,0.2513286,-0.024082659,-0.027881555,0.28404558,-0.029691726,0.004282221,0.024519859,0.31010064113686964,0.3641546275887077,88.72715275989025
1729563624946033,0.049774665,-0.041950848,0.2531403,-0.024552954,-0.027834268,0.28447556,-0.02939347,0.0029554355,0.026874242,0.3109584667762876,0.36420806956242385,88.72623043816542
1729563624954033,0.049491566,-0.041919068,0.25411543,-0.024784546,-0.02781337,0.28470904,-0.028948996,0.0026123596,0.029183922,0.3112937000332106,0.3641853907417867,88.72580357237729
1729563624962033,0.04920599,-0.04189494,0.25513533,-0.025029082,-0.02780487,0.2849487,-0.030566936,0.0010624062,0.029958783,0.31159993963412475,0.36421380597000585,88.72532518803159
1729563624970033,0.04891795,-0.04187834,0.2561897,-0.025267264,-0.027791657,0.2851974,-0.029772751,0.0016517005,0.031087546,0.3119867197708487,0.3642703962980217,88.7248981703424
1729563624986033,0.048334807,-0.041867025,0.25842616,-0.025735121,-0.027772136,0.28573337,-0.029241083,0.0012200326,0.03349781,0.31268851740685594,0.36441199218396375,88.72421834112589
1729563624994033,0.04805437,-0.041880026,0.25960618,-0.025964836,-0.027784687,0.28600028,-0.028714303,-0.0015688128,0.0333637,0.3130744437962769,0.36441951621640506,88.72384595246457
1729563625002033,0.047771323,-0.04189992,0.26082605,-0.026206885,-0.027793443,0.28629342,-0.030256107,-0.0010945369,0.036641955,0.31342849492323605,0.3644260797340717,88.72384936678102
1729563625010033,0.048242085,-0.042120215,0.26078925,-0.02613701,-0.027988214,0.28632307,0.008734409,-0.0243464,0.0037066636,0.31381404779734423,0.3645853117413703,88.72390065758579
1729563625026033,0.049125902,-0.04257229,0.26092315,-0.026020786,-0.028367648,0.2864107,0.0072639664,-0.023714615,0.0054761763,0.31381171063681584,0.36527162627155674,88.72548892338894
1729563625034033,0.049539972,-0.042804096,0.26109037,-0.02598714,-0.02857794,0.28648522,0.00420562,-0.026286578,0.009316951,0.3137942348640051,0.36553512752172795,88.7263601823063
1729563625042033,0.049936153,-0.04303974,0.2613235,-0.025934193,-0.028762534,0.28657246,0.0066184434,-0.023074213,0.010903924,0.31369650393803483,0.36583966411190355,88.72712506600345
1729563625050033,0.05031504,-0.043279037,0.26162103,-0.025902046,-0.028936923,0.2866807,0.004018424,-0.021798534,0.013530253,0.3137272052930083,0.36612205550631655,88.72801324476657
1729563625066033,0.051056195,-0.04374811,0.2624028,-0.025818512,-0.029239824,0.28697345,0.0052208775,-0.018931342,0.018296763,0.31378285298677117,0.3666615714405762,88.7298271597945
1729563625074033,0.05141901,-0.043978088,0.26288405,-0.025779575,-0.029393928,0.28714463,0.004867092,-0.01926301,0.021398066,0.3138144881701311,0.3669254462652223,88.73064690066707
1729563625082033,0.05176587,-0.044211704,0.2634236,-0.025735209,-0.029532041,0.2873176,0.0055457926,-0.01726416,0.021621583,0.3137851128581968,0.36720930514746164,88.7313847734175
1729563625090033,0.052097272,-0.04444893,0.26401225,-0.025702985,-0.029672792,0.28750944,0.00402797,-0.017593848,0.023979692,0.31364492513472925,0.36754756654742926,88.73217029561654
1729563625106033,0.052715365,-0.04493418,0.26535484,-0.02565767,-0.02998191,0.28789064,0.0028321517,-0.019319821,0.023825092,0.31359334359173724,0.3681201936602532,88.73393284502288
1729563625114033,0.053002752,-0.0451822,0.26610595,-0.025648331,-0.030123683,0.28811333,0.0011674128,-0.017721672,0.027835367,0.31346525013424476,0.36850634745064315,88.7348107809108
1729563625122033,0.0532763,-0.04543368,0.26690862,-0.025631478,-0.030261599,0.28835255,0.0021066517,-0.01723948,0.029902903,0.3133019649891366,0.36880890974956404,88.73561345071235
1729563625130033,0.053536464,-0.04568856,0.26776153,-0.025611568,-0.030406179,0.2885899,0.0024887265,-0.018072547,0.02966821,0.31321996755621084,0.36913457778756753,88.73652552996124
1729563625146033,0.054830592,-0.045146495,0.26615316,-0.025080495,-0.030062804,0.288348,0.033192102,0.02146093,-0.01511909,0.31260732800366237,0.36949423740754506,88.73799088219305
1729563625154033,0.055447567,-0.044895682,0.26548502,-0.024847014,-0.029907163,0.2882834,0.029185086,0.019455096,-0.008072704,0.31215867534459085,0.36946971758580976,88.73857503469983
1729563625162033,0.056045204,-0.044657882,0.2649045,-0.024622213,-0.029754713,0.2882211,0.028100096,0.019056257,-0.0077895815,0.31165410019179707,0.36940659038456986,88.73913521167175
1729563625170033,0.056623913,-0.04443277,0.26440918,-0.024414077,-0.029623946,0.28816524,0.02601696,0.016345875,-0.0069811936,0.3112861029760765,0.36937801505397855,88.73987649890259
1729563625186033,0.057726163,-0.044019036,0.2636655,-0.024045195,-0.029358415,0.28812608,0.023055121,0.016595703,-0.0024475157,0.31045671836731487,0.369370170845597,88.74101073548367
1729563625194033,0.0582506,-0.043829806,0.263413,-0.023862706,-0.029241731,0.28814742,0.022811115,0.014585442,0.0026673076,0.31004232363786366,0.36926648855451044,88.74160164157455
1729563625202033,0.05876771,-0.043682057,0.2632375,-0.023685917,-0.029171472,0.2881708,0.022098653,0.008782372,0.0029243527,0.3096545561544608,0.369267315664908,88.7421208465285
1729563625210033,0.059267927,-0.04354459,0.2631334,-0.023503281,-0.02909634,0.28819993,0.022829508,0.009391457,0.0036396084,0.3091887130291581,0.3692612590823209,88.74332336971631
1729563625218033,0.059751738,-0.043417536,0.26310226,-0.023335595,-0.029042192,0.28824463,0.02096081,0.006768619,0.005587935,0.30877650613420143,0.36911403343285976,88.74461800521883
1729563625234033,0.06067154,-0.043193687,0.26325148,-0.023022616,-0.028945368,0.28838798,0.01956115,0.006051501,0.008959323,0.3078162081290298,0.3687999716215385,88.74684876976687
1729563625242033,0.0611083,-0.043096196,0.26342836,-0.02287659,-0.02887969,0.28849533,0.018253224,0.0082096085,0.013418495,0.3073332977057875,0.36865367981396574,88.74799294997702
1729563625250033,0.06153008,-0.043007948,0.26367116,-0.022747457,-0.028836496,0.2886128,0.016141683,0.005399342,0.014685093,0.30690876444082715,0.3684606162539755,88.74906914169317
1729563625266033,0.06292155,-0.04266205,0.2635758,-0.02229068,-0.028608883,0.2886756,0.028548528,0.014225835,0.0039245933,0.3059953710418018,0.36818465490123625,88.7510402658572
1729563625274033,0.0638784,-0.042406898,0.26325345,-0.021959672,-0.02841197,0.28862938,0.0413761,0.024614155,-0.005777925,0.30535025111856,0.36783337316069936,88.75202746061099
1729563625282033,0.06480837,-0.042162944,0.26300913,-0.021653324,-0.028219912,0.28860828,0.03829342,0.024007166,-0.0026375053,0.3047192719883217,0.36746512233376283,88.75308977123306
1729563625290033,0.06571216,-0.041929845,0.26284084,-0.021362014,-0.028038325,0.28859988,0.03641378,0.022698425,-0.0010505319,0.30408508270751,0.36708497180757693,88.75409084628835
1729563625306033,0.06744341,-0.04149553,0.26272473,-0.020833252,-0.02770575,0.28862947,0.03304763,0.020785954,0.0018496065,0.3027691765841329,0.3663011648675671,88.75600719163884
1729563625314033,0.06827205,-0.041293707,0.26277325,-0.020582383,-0.027527317,0.2886586,0.031358562,0.02230401,0.0036396084,0.3021748748776246,0.36594638799385665,88.7569638794089
1729563625322033,0.06907681,-0.041101698,0.26289058,-0.020342259,-0.02734942,0.28873074,0.030015593,0.022237187,0.009018928,0.30151358689441776,0.36560070934481276,88.75796465742872
1729563625330033,0.06985828,-0.040919386,0.26307008,-0.020105794,-0.027210888,0.28881055,0.029558081,0.017316546,0.0099763265,0.3008957616865514,0.36524814701918257,88.758856397912
1729563625338033,0.07062163,-0.040739812,0.2633151,-0.019861063,-0.027062137,0.28889552,0.030591384,0.018593855,0.010620802,0.3003629054893833,0.36488966153259345,88.75971384667133
1729563625354033,0.0720827,-0.040408436,0.2639954,-0.019382348,-0.026763957,0.28911686,0.029919667,0.01863623,0.013833865,0.2991537403734401,0.3643376323317699,88.76150037187348
1729563625362033,0.07278127,-0.040256336,0.26442766,-0.019197859,-0.026622774,0.2892316,0.023061175,0.017647864,0.014342367,0.2986485520232861,0.36403194851095116,88.76225873012909
1729563625370033,0.07345907,-0.040112935,0.26491907,-0.019008957,-0.026482515,0.28934783,0.02361275,0.01753238,0.014528631,0.2981136770858195,0.363663457711307,88.76304803884626
1729563625386033,0.07514148,-0.039537027,0.26520163,-0.018520802,-0.026046302,0.28942615,0.03050966,0.027263302,0.0048950315,0.29703794200746036,0.36311084160437024,88.7646057274375
1729563625394033,0.07613811,-0.039110288,0.26501155,-0.018234866,-0.025753751,0.289375,0.035742063,0.036568847,-0.0063925977,0.29632222613848397,0.3625914433272408,88.76506696174721
1729563625402033,0.07710711,-0.03869744,0.26489606,-0.017951934,-0.025456628,0.2893315,0.03536651,0.037140444,-0.0054389234,0.2956756931524857,0.3619533681742321,88.76552812242099
1729563625410033,0.07804223,-0.03830068,0.26485324,-0.017693844,-0.025185434,0.28931615,0.032261245,0.03389921,-0.0019185244,0.29504266063055845,0.3613234040770336,88.76600635494249
1729563625426033,0.07983488,-0.037546556,0.26497847,-0.017175993,-0.024664221,0.2893272,0.03236567,0.0325758,0.0006910413,0.2938220504034791,0.36040397834585314,88.766768347814
1729563625434033,0.08069362,-0.037188448,0.265143,-0.016933907,-0.024401892,0.28936702,0.030260764,0.032791167,0.0049769874,0.2932709542152288,0.35983183198007807,88.76713390599079
1729563625442033,0.08152815,-0.03684259,0.2653733,-0.016688095,-0.024162471,0.28940782,0.030726425,0.029927583,0.005099922,0.2927188442411913,0.3593042161574133,88.7675575819099
